Workbook
Name Argentina: Bilder!$B$2
Name Australien: Bilder!$B$3
Name Belgien: Bilder!$B$4
Name BILDFRI: Bilder!$B$34
Name Brasilien: Bilder!$B$5
Name Brons: INDIRECT(Beräkningar!$AA$54)
Name CostaRica: Bilder!$B$6
Name Danmark: Bilder!$B$7
Name Ecuador: Bilder!$B$8
Name Egypten: Bilder!$B$8
Name England: Bilder!$B$9
Name Final1a: INDIRECT(Beräkningar!$X$52)
Name Final1b: INDIRECT(Beräkningar!$Y$52)
Name Final2a: INDIRECT(Beräkningar!$X$70)
Name Final2b: INDIRECT(Beräkningar!$Y$70)
Name Fjärdeplats: INDIRECT(Beräkningar!$AA$55)
Name Frankrike: Bilder!$B$10
Name Ghana: Bilder!$B$11
Name Guld: INDIRECT(Beräkningar!$AA$52)
Name Iran: Bilder!$B$12
Name Japan: Bilder!$B$13
Name Kamerun: Bilder!$B$14
Name Kanada: Bilder!$B$15
Name Kroatien: Bilder!$B$16
Name Kvartsfinal1a: INDIRECT(Beräkningar!$R$52)
Name Kvartsfinal1b: INDIRECT(Beräkningar!$S$52)
Name Kvartsfinal2a: INDIRECT(Beräkningar!$R$55)
Name Kvartsfinal2b: INDIRECT(Beräkningar!$S$55)
Name Kvartsfinal3a: INDIRECT(Beräkningar!$R$70)
Name Kvartsfinal3b: INDIRECT(Beräkningar!$S$70)
Name Kvartsfinal4a: INDIRECT(Beräkningar!$R$73)
Name Kvartsfinal4b: INDIRECT(Beräkningar!$S$73)
Name Marocko: Bilder!$B$17
Name Mexiko: Bilder!$B$18
Name Nederländerna: Bilder!$B$19
Name Nigeria: Bilder!$B$19
Name Polen: Bilder!$B$20
Name Portugal: Bilder!$B$21
Name Qatar: Bilder!$B$22
Name Ryssland: Bilder!$B$22
Name Saudiarabien: Bilder!$B$23
Name Schweiz: Bilder!$B$24
Name Semifinal1a: INDIRECT(Beräkningar!$U$52)
Name Semifinal1b: INDIRECT(Beräkningar!$V$52)
Name Semifinal2a: INDIRECT(Beräkningar!$U$70)
Name Semifinal2b: INDIRECT(Beräkningar!$V$70)
Name Senegal: Bilder!$B$25
Name Serbien: Bilder!$B$26
Name Silver: INDIRECT(Beräkningar!$AA$53)
Name Spanien: Bilder!$B$27
Name Sydkorea: Bilder!$B$28
Name Tunisien: Bilder!$B$29
Name Tyskland: Bilder!$B$30
Name Uruguay: Bilder!$B$31
Name USA: Bilder!$B$32
Name Wales: Bilder!$B$33
Name Åttondel1a: INDIRECT(Beräkningar!$N$52)
Name Åttondel1b: INDIRECT(Beräkningar!$O$52)
Name Åttondel2a: INDIRECT(Beräkningar!$N$55)
Name Åttondel2b: INDIRECT(Beräkningar!$O$55)

Sheet Tippa
C2: VM-Tips Qatar 2022 | D2: SISTA DAG FÖR INLÄMNING 19 NOVEMBER kl 23:59
C3: Mitt Namn: Jonathan Behr Mattsson | D3: =IF(SUM(J27,J38,J49,J60,J71,J82,T37,J93,J104)=0,"Alla kontroller i arket Tippa är OK","Ditt tips innehåller fel") -> Alla kontroller i arket Tippa är OK
A4: - | K4: För spelsschema se: | R4: Hur bör man ranka lagen
A5: 1 | C5: Insats 230 kr: Betalas till Dan Spinelli Scala via alternativ: | K5: http://www.vm-fotboll.se/ | R5: 1. Poängen i alla gruppmatcher, med 3 poäng vid vinst, 1 poäng vid oavgjort och 0 poäng vid förlust.
A6: 2 | C6: Bankkonto: Handelsbanken, clearing: 6138 konto: 642 445 648 | R6: 2. Målskillnad i alla gruppmatcher
A7: 3 | C7: Swish: 072-301 80 23 | R7: 3. Gjorda mål i alla gruppmatcher
A8: 4 | C8: Notera: 30 kr avser administrationsavgift | K8: Vinstfördelning = Prisplats (%) * Antal deltagare (#) * 200 (kr) | R8: 4. Poäng i matcherna mellan likaplacerade lag - EJ BEAKTAT
K9: Vinstfördelning | R9: 5. Målskillnad i matcherna mellan likaplacerade lag - EJ BEAKTAT
A10: - | C10: Full anmälan sker när ifyllt dokument är skickat och inbetalningen är registererad | K10: Plats | M10: Premie | R10: 6. Gjorda mål i matcherna mellan likaplacerade lag - EJ BEAKTAT
A11: 0 | C11: Gå gärna med i vår facebookgrupp för att kanske ta del av löpande resultat: | K11: 1 | M11: 0.45 | R11: 7. Fair play-poäng - EJ BEAKTAT
A12: 1 | C12: Facebookgrupp: VM-Tips 2022 - Med dromedar till Qatar? | K12: 2 | M12: 0.25 | R12: 8. Lottdragning - EJ BEAKTAT
A13: 2 | C13: Du kan även använda rättningsfliken för att själv hålla koll på dina poäng | K13: 3 | M13: 0.15
A14: 3 | K14: 4 | M14: 0.1
A15: 4 | C15: Vid frågor ring eller maila Dan eller Niklas på: | K15: 5 | M15: 0.05
A16: 5 | C16: Dan, 072 301 80 23, danspinelli@hotmail.com
A17: 6 | C17: Niklas , 073 628 28 94, niklas.zanderholm@gmail.com
A18: 7
A19: 8 | C19: 1. Tippa gruppspelet | O19: 2. Tippa slutspelet
A20: 9 | C20: =IF(SUM(J27,J38,J49,J60,J71,J82,T37)=0,"Alla kontroller OK","Ditt tips innehåller fel") -> Alla kontroller OK
A21: 10
A22: - | C22: Grupp A | D22: Datum | E22: Tid | F22: 1X2 | G22: Resultat | J22: Plac. | K22: Grupp A | L22: Poäng | M22: Ändra placering | P22: Åttondelsfinaler | Q22: Kvartsfinaler | R22: Semifinaler | T22: Finaler | V22: Semifinaler | W22: Kvartsfinaler | X22: Åttondelsfinaler
A23: A1 | C23: =INDEX(Beräkningar!$G$4:$G$51,MATCH(A23,Beräkningar!$K$4:$K$51,0))&" - "&INDEX(Beräkningar!$H$4:$H$51,MATCH(A23,Beräkningar!$K$4:$K$51,0)) -> Qatar - Ecuador | D23: =INDEX(Beräkningar!$B$4:$B$51,MATCH(A23,Beräkningar!$K$4:$K$51,0)) -> Sön 20/11 | E23: =INDEX(Beräkningar!$C$4:$C$51,MATCH(A23,Beräkningar!$K$4:$K$51,0)) -> 0.70833333 | F23: =IF(OR(G23="-",H23="-"),"-",IF(G23>H23,1,IF(G23=H23,"X",2))) -> X | G23: 1 | H23: 1 | J23: =IF(M23="-",1,IF(M23=0,1,M23)) -> 1 | K23: =Beräkningar!AG4 -> Nederländerna | L23: =Beräkningar!AH4 -> 9 | M23: - | P23: =IF(F28="-","",Beräkningar!N52) -> Nederländerna | X23: =IF(F39="-","",Beräkningar!N58) -> England
A24: A2 | C24: =INDEX(Beräkningar!$G$4:$G$51,MATCH(A24,Beräkningar!$K$4:$K$51,0))&" - "&INDEX(Beräkningar!$H$4:$H$51,MATCH(A24,Beräkningar!$K$4:$K$51,0)) -> Senegal - Nederländerna | D24: =INDEX(Beräkningar!$B$4:$B$51,MATCH(A24,Beräkningar!$K$4:$K$51,0)) -> Mån 21/11 | E24: =INDEX(Beräkningar!$C$4:$C$51,MATCH(A24,Beräkningar!$K$4:$K$51,0)) -> 0.70833333 | F24: =IF(OR(G24="-",H24="-"),"-",IF(G24>H24,1,IF(G24=H24,"X",2))) -> 2 | G24: 0 | H24: 2 | J24: =IF(M24="-",2,IF(M24=0,2,M24)) -> 2 | K24: =Beräkningar!AG5 -> Senegal | L24: =Beräkningar!AH5 -> 6 | M24: - | P24: vs. | Q24: Nederländerna | W24: England | X24: vs.
A25: A3 | C25: =INDEX(Beräkningar!$G$4:$G$51,MATCH(A25,Beräkningar!$K$4:$K$51,0))&" - "&INDEX(Beräkningar!$H$4:$H$51,MATCH(A25,Beräkningar!$K$4:$K$51,0)) -> Qatar - Senegal | D25: =INDEX(Beräkningar!$B$4:$B$51,MATCH(A25,Beräkningar!$K$4:$K$51,0)) -> Fre 25/11 | E25: =INDEX(Beräkningar!$C$4:$C$51,MATCH(A25,Beräkningar!$K$4:$K$51,0)) -> 0.58333333 | F25: =IF(OR(G25="-",H25="-"),"-",IF(G25>H25,1,IF(G25=H25,"X",2))) -> 2 | G25: 0 | H25: 2 | J25: =IF(M25="-",3,IF(M25=0,3,M25)) -> 3 | K25: =Beräkningar!AG6 -> Ecuador | L25: =Beräkningar!AH6 -> 1 | M25: - | P25: =IF(F39="-","",Beräkningar!O52) -> USA | X25: =IF(F28="-","",Beräkningar!O58) -> Senegal
A26: A4 | C26: =INDEX(Beräkningar!$G$4:$G$51,MATCH(A26,Beräkningar!$K$4:$K$51,0))&" - "&INDEX(Beräkningar!$H$4:$H$51,MATCH(A26,Beräkningar!$K$4:$K$51,0)) -> Nederländerna - Ecuador | D26: =INDEX(Beräkningar!$B$4:$B$51,MATCH(A26,Beräkningar!$K$4:$K$51,0)) -> Fre 25/11 | E26: =INDEX(Beräkningar!$C$4:$C$51,MATCH(A26,Beräkningar!$K$4:$K$51,0)) -> 0.70833333 | F26: =IF(OR(G26="-",H26="-"),"-",IF(G26>H26,1,IF(G26=H26,"X",2))) -> 1 | G26: 1 | H26: 0 | J26: =IF(M26="-",4,IF(M26=0,4,M26)) -> 4 | K26: =Beräkningar!AG7 -> Qatar | L26: =Beräkningar!AH7 -> 1 | M26: - | Q26: vs. | R26: Argentina | V26: Frankrike | W26: vs.
A27: A5 | C27: =INDEX(Beräkningar!$G$4:$G$51,MATCH(A27,Beräkningar!$K$4:$K$51,0))&" - "&INDEX(Beräkningar!$H$4:$H$51,MATCH(A27,Beräkningar!$K$4:$K$51,0)) -> Ecuador - Senegal | D27: =INDEX(Beräkningar!$B$4:$B$51,MATCH(A27,Beräkningar!$K$4:$K$51,0)) -> Tis 29/11 | E27: =INDEX(Beräkningar!$C$4:$C$51,MATCH(A27,Beräkningar!$K$4:$K$51,0)) -> 0.66666667 | F27: =IF(OR(G27="-",H27="-"),"-",IF(G27>H27,1,IF(G27=H27,"X",2))) -> 2 | G27: 0 | H27: 1 | J27: =IF(MAX(Beräkningar!AL4:AL7)>1,1,0) -> 0 | K27: Korrekt angivet (får ej vara dubbletter) | P27: =IF(F50="-","",Beräkningar!N55) -> Argentina | T27: Segrare Final | X27: =IF(F61="-","",Beräkningar!N61) -> Frankrike
A28: A6 | C28: =INDEX(Beräkningar!$G$4:$G$51,MATCH(A28,Beräkningar!$K$4:$K$51,0))&" - "&INDEX(Beräkningar!$H$4:$H$51,MATCH(A28,Beräkningar!$K$4:$K$51,0)) -> Nederländerna - Qatar | D28: =INDEX(Beräkningar!$B$4:$B$51,MATCH(A28,Beräkningar!$K$4:$K$51,0)) -> Tis 29/11 | E28: =INDEX(Beräkningar!$C$4:$C$51,MATCH(A28,Beräkningar!$K$4:$K$51,0)) -> 0.66666667 | F28: =IF(OR(G28="-",H28="-"),"-",IF(G28>H28,1,IF(G28=H28,"X",2))) -> 1 | G28: 3 | H28: 0 | P28: vs. | Q28: Argentina | T28: Brasilien | W28: Frankrike | X28: vs.
C29: Summa | P29: =IF(F61="-","",Beräkningar!O55) -> Danmark | S29: Brasilien | T29: vs. | U29: Frankrike | X29: =IF(F50="-","",Beräkningar!O61) -> Mexiko
C30: Bonus (30 / 50 poäng)
C31: Totalt | R31: vs. | T31: Segrare Bronsmatch | V31: vs.
P32: =IF(F72="-","",Beräkningar!N70) -> Tyskland | T32: Spanien | X32: =IF(F83="-","",Beräkningar!N76) -> Belgien
C33: Grupp B | D33: Datum | E33: Tid | F33: 1X2 | G33: Resultat | J33: Plac. | K33: Grupp B | L33: Poäng | M33: Ändra placering | P33: vs. | Q33: Tyskland | S33: =Beräkningar!X70 -> Argentina | T33: vs. | U33: =Beräkningar!Y70 -> Spanien | W33: Spanien | X33: vs.
A34: B1 | C34: =INDEX(Beräkningar!$G$4:$G$51,MATCH(A34,Beräkningar!$K$4:$K$51,0))&" - "&INDEX(Beräkningar!$H$4:$H$51,MATCH(A34,Beräkningar!$K$4:$K$51,0)) -> USA - Wales | D34: =INDEX(Beräkningar!$B$4:$B$51,MATCH(A34,Beräkningar!$K$4:$K$51,0)) -> Mån 21/11 | E34: =INDEX(Beräkningar!$C$4:$C$51,MATCH(A34,Beräkningar!$K$4:$K$51,0)) -> 0.83333333 | F34: =IF(OR(G34="-",H34="-"),"-",IF(G34>H34,1,IF(G34=H34,"X",2))) -> X | G34: 1 | H34: 1 | J34: =IF(M34="-",1,IF(M34=0,1,M34)) -> 1 | K34: =Beräkningar!AG9 -> England | L34: =Beräkningar!AH9 -> 5 | M34: - | P34: =IF(F83="-","",Beräkningar!O70) -> Kroatien | X34: =IF(F72="-","",Beräkningar!O76) -> Spanien
A35: B2 | C35: =INDEX(Beräkningar!$G$4:$G$51,MATCH(A35,Beräkningar!$K$4:$K$51,0))&" - "&INDEX(Beräkningar!$H$4:$H$51,MATCH(A35,Beräkningar!$K$4:$K$51,0)) -> England - Iran | D35: =INDEX(Beräkningar!$B$4:$B$51,MATCH(A35,Beräkningar!$K$4:$K$51,0)) -> Mån 21/11 | E35: =INDEX(Beräkningar!$C$4:$C$51,MATCH(A35,Beräkningar!$K$4:$K$51,0)) -> 0.58333333 | F35: =IF(OR(G35="-",H35="-"),"-",IF(G35>H35,1,IF(G35=H35,"X",2))) -> 1 | G35: 4 | H35: 0 | J35: =IF(M35="-",2,IF(M35=0,2,M35)) -> 2 | K35: =Beräkningar!AG10 -> USA | L35: =Beräkningar!AH10 -> 5 | M35: - | Q35: vs. | R35: Brasilien | V35: Spanien | W35: vs.
A36: B3 | C36: =INDEX(Beräkningar!$G$4:$G$51,MATCH(A36,Beräkningar!$K$4:$K$51,0))&" - "&INDEX(Beräkningar!$H$4:$H$51,MATCH(A36,Beräkningar!$K$4:$K$51,0)) -> England - USA | D36: =INDEX(Beräkningar!$B$4:$B$51,MATCH(A36,Beräkningar!$K$4:$K$51,0)) -> Fre 25/11 | E36: =INDEX(Beräkningar!$C$4:$C$51,MATCH(A36,Beräkningar!$K$4:$K$51,0)) -> 0.83333333 | F36: =IF(OR(G36="-",H36="-"),"-",IF(G36>H36,1,IF(G36=H36,"X",2))) -> X | G36: 2 | H36: 2 | J36: =IF(M36="-",3,IF(M36=0,3,M36)) -> 3 | K36: =Beräkningar!AG11 -> Wales | L36: =Beräkningar!AH11 -> 5 | M36: - | P36: =IF(F94="-","",Beräkningar!N73) -> Brasilien | X36: =IF(F105="-","",Beräkningar!N79) -> Portugal
A37: B4 | C37: =INDEX(Beräkningar!$G$4:$G$51,MATCH(A37,Beräkningar!$K$4:$K$51,0))&" - "&INDEX(Beräkningar!$H$4:$H$51,MATCH(A37,Beräkningar!$K$4:$K$51,0)) -> Wales - Iran | D37: =INDEX(Beräkningar!$B$4:$B$51,MATCH(A37,Beräkningar!$K$4:$K$51,0)) -> Fre 25/11 | E37: =INDEX(Beräkningar!$C$4:$C$51,MATCH(A37,Beräkningar!$K$4:$K$51,0)) -> 0.45833333 | F37: =IF(OR(G37="-",H37="-"),"-",IF(G37>H37,1,IF(G37=H37,"X",2))) -> 1 | G37: 2 | H37: 0 | J37: =IF(M37="-",4,IF(M37=0,4,M37)) -> 4 | K37: =Beräkningar!AG12 -> Iran | L37: =Beräkningar!AH12 -> 0 | M37: - | P37: vs. | Q37: Brasilien | T37: =Beräkningar!U84 -> 0 | W37: Portugal | X37: vs.
A38: B5 | C38: =INDEX(Beräkningar!$G$4:$G$51,MATCH(A38,Beräkningar!$K$4:$K$51,0))&" - "&INDEX(Beräkningar!$H$4:$H$51,MATCH(A38,Beräkningar!$K$4:$K$51,0)) -> Iran - USA | D38: =INDEX(Beräkningar!$B$4:$B$51,MATCH(A38,Beräkningar!$K$4:$K$51,0)) -> Tis 29/11 | E38: =INDEX(Beräkningar!$C$4:$C$51,MATCH(A38,Beräkningar!$K$4:$K$51,0)) -> 0.83333333 | F38: =IF(OR(G38="-",H38="-"),"-",IF(G38>H38,1,IF(G38=H38,"X",2))) -> 2 | G38: 1 | H38: 3 | J38: =IF(MAX(Beräkningar!AL9:AL12)>1,1,0) -> 0 | K38: Korrekt angivet (får ej vara dubbletter) | P38: =IF(F105="-","",Beräkningar!O73) -> Uruguay | T38: Korrekt angivet (kontrollerar att slutspelsträdet är uppdaterat) | X38: =IF(F94="-","",Beräkningar!O79) -> Kamerun
A39: B6 | C39: =INDEX(Beräkningar!$G$4:$G$51,MATCH(A39,Beräkningar!$K$4:$K$51,0))&" - "&INDEX(Beräkningar!$H$4:$H$51,MATCH(A39,Beräkningar!$K$4:$K$51,0)) -> Wales - England | D39: =INDEX(Beräkningar!$B$4:$B$51,MATCH(A39,Beräkningar!$K$4:$K$51,0)) -> Tis 29/11 | E39: =INDEX(Beräkningar!$C$4:$C$51,MATCH(A39,Beräkningar!$K$4:$K$51,0)) -> 0.83333333 | F39: =IF(OR(G39="-",H39="-"),"-",IF(G39>H39,1,IF(G39=H39,"X",2))) -> X | G39: 1 | H39: 1
C40: Summa
C41: Bonus (30 / 50 poäng) | O41: 3. Tippa turneringens första målskytt (ange enbart efternamn och stava rätt om du vill få poäng)
C42: Totalt
C44: Grupp C | D44: Datum | E44: Tid | F44: 1X2 | G44: Resultat | J44: Plac. | K44: Grupp C | L44: Poäng | M44: Ändra placering | P44: Spelare | Q44: Notera att det är första målet som görs i VM och inte det snabbaste målet som räknas (Qatar - Ecuador är första matchen som spelas)
A45: C1 | C45: =INDEX(Beräkningar!$G$4:$G$51,MATCH(A45,Beräkningar!$K$4:$K$51,0))&" - "&INDEX(Beräkningar!$H$4:$H$51,MATCH(A45,Beräkningar!$K$4:$K$51,0)) -> Argentina - Saudiarabien | D45: =INDEX(Beräkningar!$B$4:$B$51,MATCH(A45,Beräkningar!$K$4:$K$51,0)) -> Tis 22/11 | E45: =INDEX(Beräkningar!$C$4:$C$51,MATCH(A45,Beräkningar!$K$4:$K$51,0)) -> 0.45833333 | F45: =IF(OR(G45="-",H45="-"),"-",IF(G45>H45,1,IF(G45=H45,"X",2))) -> 1 | G45: 4 | H45: 0 | J45: =IF(M45="-",1,IF(M45=0,1,M45)) -> 1 | K45: =Beräkningar!AG14 -> Argentina | L45: =Beräkningar!AH14 -> 7 | M45: - | P45: Valencia
A46: C2 | C46: =INDEX(Beräkningar!$G$4:$G$51,MATCH(A46,Beräkningar!$K$4:$K$51,0))&" - "&INDEX(Beräkningar!$H$4:$H$51,MATCH(A46,Beräkningar!$K$4:$K$51,0)) -> Mexiko - Polen | D46: =INDEX(Beräkningar!$B$4:$B$51,MATCH(A46,Beräkningar!$K$4:$K$51,0)) -> Tis 22/11 | E46: =INDEX(Beräkningar!$C$4:$C$51,MATCH(A46,Beräkningar!$K$4:$K$51,0)) -> 0.70833333 | F46: =IF(OR(G46="-",H46="-"),"-",IF(G46>H46,1,IF(G46=H46,"X",2))) -> 1 | G46: 2 | H46: 1 | J46: =IF(M46="-",2,IF(M46=0,2,M46)) -> 2 | K46: =Beräkningar!AG15 -> Mexiko | L46: =Beräkningar!AH15 -> 7 | M46: -
A47: C3 | C47: =INDEX(Beräkningar!$G$4:$G$51,MATCH(A47,Beräkningar!$K$4:$K$51,0))&" - "&INDEX(Beräkningar!$H$4:$H$51,MATCH(A47,Beräkningar!$K$4:$K$51,0)) -> Polen - Saudiarabien | D47: =INDEX(Beräkningar!$B$4:$B$51,MATCH(A47,Beräkningar!$K$4:$K$51,0)) -> Lör 26/11 | E47: =INDEX(Beräkningar!$C$4:$C$51,MATCH(A47,Beräkningar!$K$4:$K$51,0)) -> 0.58333333 | F47: =IF(OR(G47="-",H47="-"),"-",IF(G47>H47,1,IF(G47=H47,"X",2))) -> 1 | G47: 1 | H47: 0 | J47: =IF(M47="-",3,IF(M47=0,3,M47)) -> 3 | K47: =Beräkningar!AG16 -> Polen | L47: =Beräkningar!AH16 -> 3 | M47: -
A48: C4 | C48: =INDEX(Beräkningar!$G$4:$G$51,MATCH(A48,Beräkningar!$K$4:$K$51,0))&" - "&INDEX(Beräkningar!$H$4:$H$51,MATCH(A48,Beräkningar!$K$4:$K$51,0)) -> Argentina - Mexiko | D48: =INDEX(Beräkningar!$B$4:$B$51,MATCH(A48,Beräkningar!$K$4:$K$51,0)) -> Lör 26/11 | E48: =INDEX(Beräkningar!$C$4:$C$51,MATCH(A48,Beräkningar!$K$4:$K$51,0)) -> 0.83333333 | F48: =IF(OR(G48="-",H48="-"),"-",IF(G48>H48,1,IF(G48=H48,"X",2))) -> X | G48: 2 | H48: 2 | J48: =IF(M48="-",4,IF(M48=0,4,M48)) -> 4 | K48: =Beräkningar!AG17 -> Saudiarabien | L48: =Beräkningar!AH17 -> 0 | M48: - | O48: 4. Tippa vilket lag som får turneringens första röda kort
A49: C5 | C49: =INDEX(Beräkningar!$G$4:$G$51,MATCH(A49,Beräkningar!$K$4:$K$51,0))&" - "&INDEX(Beräkningar!$H$4:$H$51,MATCH(A49,Beräkningar!$K$4:$K$51,0)) -> Saudiarabien - Mexiko | D49: =INDEX(Beräkningar!$B$4:$B$51,MATCH(A49,Beräkningar!$K$4:$K$51,0)) -> Ons 30/11 | E49: =INDEX(Beräkningar!$C$4:$C$51,MATCH(A49,Beräkningar!$K$4:$K$51,0)) -> 0.83333333 | F49: =IF(OR(G49="-",H49="-"),"-",IF(G49>H49,1,IF(G49=H49,"X",2))) -> 2 | G49: 0 | H49: 2 | J49: =IF(MAX(Beräkningar!AL14:AL17)>1,1,0) -> 0 | K49: Korrekt angivet (får ej vara dubbletter)
A50: C6 | C50: =INDEX(Beräkningar!$G$4:$G$51,MATCH(A50,Beräkningar!$K$4:$K$51,0))&" - "&INDEX(Beräkningar!$H$4:$H$51,MATCH(A50,Beräkningar!$K$4:$K$51,0)) -> Polen - Argentina | D50: =INDEX(Beräkningar!$B$4:$B$51,MATCH(A50,Beräkningar!$K$4:$K$51,0)) -> Ons 30/11 | E50: =INDEX(Beräkningar!$C$4:$C$51,MATCH(A50,Beräkningar!$K$4:$K$51,0)) -> 0.83333333 | F50: =IF(OR(G50="-",H50="-"),"-",IF(G50>H50,1,IF(G50=H50,"X",2))) -> 2 | G50: 1 | H50: 2
C51: Summa | P51: Lag | Q51: Notera att det är första röda kortet i VM och inte det snabbaste röda kortet som räknas (Qatar - Ecuador är första matchen som spelas)
C52: Bonus (30 / 50 poäng) | P52: Tunisien
C53: Totalt
C55: Grupp D | D55: Datum | E55: Tid | F55: 1X2 | G55: Resultat | J55: Plac. | K55: Grupp D | L55: Poäng | M55: Ändra placering | O55: 5. Tippa vilket lag som får turneringens första straff
A56: D1 | C56: =INDEX(Beräkningar!$G$4:$G$51,MATCH(A56,Beräkningar!$K$4:$K$51,0))&" - "&INDEX(Beräkningar!$H$4:$H$51,MATCH(A56,Beräkningar!$K$4:$K$51,0)) -> Frankrike - Australien | D56: =INDEX(Beräkningar!$B$4:$B$51,MATCH(A56,Beräkningar!$K$4:$K$51,0)) -> Tis 22/11 | E56: =INDEX(Beräkningar!$C$4:$C$51,MATCH(A56,Beräkningar!$K$4:$K$51,0)) -> 0.83333333 | F56: =IF(OR(G56="-",H56="-"),"-",IF(G56>H56,1,IF(G56=H56,"X",2))) -> 1 | G56: 4 | H56: 0 | J56: =IF(M56="-",1,IF(M56=0,1,M56)) -> 1 | K56: =Beräkningar!AG19 -> Frankrike | L56: =Beräkningar!AH19 -> 9 | M56: -
A57: D2 | C57: =INDEX(Beräkningar!$G$4:$G$51,MATCH(A57,Beräkningar!$K$4:$K$51,0))&" - "&INDEX(Beräkningar!$H$4:$H$51,MATCH(A57,Beräkningar!$K$4:$K$51,0)) -> Danmark - Tunisien | D57: =INDEX(Beräkningar!$B$4:$B$51,MATCH(A57,Beräkningar!$K$4:$K$51,0)) -> Tis 22/11 | E57: =INDEX(Beräkningar!$C$4:$C$51,MATCH(A57,Beräkningar!$K$4:$K$51,0)) -> 0.58333333 | F57: =IF(OR(G57="-",H57="-"),"-",IF(G57>H57,1,IF(G57=H57,"X",2))) -> 1 | G57: 2 | H57: 1 | J57: =IF(M57="-",2,IF(M57=0,2,M57)) -> 2 | K57: =Beräkningar!AG20 -> Danmark | L57: =Beräkningar!AH20 -> 6 | M57: -
A58: D3 | C58: =INDEX(Beräkningar!$G$4:$G$51,MATCH(A58,Beräkningar!$K$4:$K$51,0))&" - "&INDEX(Beräkningar!$H$4:$H$51,MATCH(A58,Beräkningar!$K$4:$K$51,0)) -> Frankrike - Danmark | D58: =INDEX(Beräkningar!$B$4:$B$51,MATCH(A58,Beräkningar!$K$4:$K$51,0)) -> Lör 26/11 | E58: =INDEX(Beräkningar!$C$4:$C$51,MATCH(A58,Beräkningar!$K$4:$K$51,0)) -> 0.70833333 | F58: =IF(OR(G58="-",H58="-"),"-",IF(G58>H58,1,IF(G58=H58,"X",2))) -> 1 | G58: 1 | H58: 0 | J58: =IF(M58="-",3,IF(M58=0,3,M58)) -> 3 | K58: =Beräkningar!AG21 -> Tunisien | L58: =Beräkningar!AH21 -> 1 | M58: - | P58: Lag | Q58: Notera att det är första straffen som döms i VM och inte den snabbaste straffen som räknas (Qatar - Ecuador är första matchen som spelas)
A59: D4 | C59: =INDEX(Beräkningar!$G$4:$G$51,MATCH(A59,Beräkningar!$K$4:$K$51,0))&" - "&INDEX(Beräkningar!$H$4:$H$51,MATCH(A59,Beräkningar!$K$4:$K$51,0)) -> Tunisien - Australien | D59: =INDEX(Beräkningar!$B$4:$B$51,MATCH(A59,Beräkningar!$K$4:$K$51,0)) -> Lör 26/11 | E59: =INDEX(Beräkningar!$C$4:$C$51,MATCH(A59,Beräkningar!$K$4:$K$51,0)) -> 0.45833333 | F59: =IF(OR(G59="-",H59="-"),"-",IF(G59>H59,1,IF(G59=H59,"X",2))) -> X | G59: 1 | H59: 1 | J59: =IF(M59="-",4,IF(M59=0,4,M59)) -> 4 | K59: =Beräkningar!AG22 -> Australien | L59: =Beräkningar!AH22 -> 1 | M59: - | P59: Qatar
A60: D5 | C60: =INDEX(Beräkningar!$G$4:$G$51,MATCH(A60,Beräkningar!$K$4:$K$51,0))&" - "&INDEX(Beräkningar!$H$4:$H$51,MATCH(A60,Beräkningar!$K$4:$K$51,0)) -> Australien - Danmark | D60: =INDEX(Beräkningar!$B$4:$B$51,MATCH(A60,Beräkningar!$K$4:$K$51,0)) -> Ons 30/11 | E60: =INDEX(Beräkningar!$C$4:$C$51,MATCH(A60,Beräkningar!$K$4:$K$51,0)) -> 0.66666667 | F60: =IF(OR(G60="-",H60="-"),"-",IF(G60>H60,1,IF(G60=H60,"X",2))) -> 2 | G60: 0 | H60: 3 | J60: =IF(MAX(Beräkningar!AL19:AL22)>1,1,0) -> 0 | K60: Korrekt angivet (får ej vara dubbletter)
A61: D6 | C61: =INDEX(Beräkningar!$G$4:$G$51,MATCH(A61,Beräkningar!$K$4:$K$51,0))&" - "&INDEX(Beräkningar!$H$4:$H$51,MATCH(A61,Beräkningar!$K$4:$K$51,0)) -> Tunisien - Frankrike | D61: =INDEX(Beräkningar!$B$4:$B$51,MATCH(A61,Beräkningar!$K$4:$K$51,0)) -> Ons 30/11 | E61: =INDEX(Beräkningar!$C$4:$C$51,MATCH(A61,Beräkningar!$K$4:$K$51,0)) -> 0.66666667 | F61: =IF(OR(G61="-",H61="-"),"-",IF(G61>H61,1,IF(G61=H61,"X",2))) -> 2 | G61: 0 | H61: 2
C62: Summa | O62: 6. Tippa topp 3 placeringar i skytteliga (ange enbart efternamn och stava rätt om du vill få poäng)
C63: Bonus (30 / 50 poäng)
C64: Totalt
P65: Spelare | Q65: Notera att vi följer officiella regler vilket innebär att om två eller flera spelare gör lika många mål vinner den som spelat minst antal minuter
C66: Grupp E | D66: Datum | E66: Tid | F66: 1X2 | G66: Resultat | J66: Plac. | K66: Grupp E | L66: Poäng | M66: Ändra placering | P66: Mbappé
A67: E1 | C67: =INDEX(Beräkningar!$G$4:$G$51,MATCH(A67,Beräkningar!$K$4:$K$51,0))&" - "&INDEX(Beräkningar!$H$4:$H$51,MATCH(A67,Beräkningar!$K$4:$K$51,0)) -> Tyskland - Japan | D67: =INDEX(Beräkningar!$B$4:$B$51,MATCH(A67,Beräkningar!$K$4:$K$51,0)) -> Ons 23/11 | E67: =INDEX(Beräkningar!$C$4:$C$51,MATCH(A67,Beräkningar!$K$4:$K$51,0)) -> 0.58333333 | F67: =IF(OR(G67="-",H67="-"),"-",IF(G67>H67,1,IF(G67=H67,"X",2))) -> 1 | G67: 3 | H67: 1 | J67: =IF(M67="-",1,IF(M67=0,1,M67)) -> 1 | K67: =Beräkningar!AG24 -> Tyskland | L67: =Beräkningar!AH24 -> 7 | M67: - | P67: Messi
A68: E2 | C68: =INDEX(Beräkningar!$G$4:$G$51,MATCH(A68,Beräkningar!$K$4:$K$51,0))&" - "&INDEX(Beräkningar!$H$4:$H$51,MATCH(A68,Beräkningar!$K$4:$K$51,0)) -> Spanien - Costa Rica | D68: =INDEX(Beräkningar!$B$4:$B$51,MATCH(A68,Beräkningar!$K$4:$K$51,0)) -> Ons 23/11 | E68: =INDEX(Beräkningar!$C$4:$C$51,MATCH(A68,Beräkningar!$K$4:$K$51,0)) -> 0.70833333 | F68: =IF(OR(G68="-",H68="-"),"-",IF(G68>H68,1,IF(G68=H68,"X",2))) -> 1 | G68: 3 | H68: 1 | J68: =IF(M68="-",2,IF(M68=0,2,M68)) -> 2 | K68: =Beräkningar!AG25 -> Spanien | L68: =Beräkningar!AH25 -> 5 | M68: - | P68: Kane
A69: E3 | C69: =INDEX(Beräkningar!$G$4:$G$51,MATCH(A69,Beräkningar!$K$4:$K$51,0))&" - "&INDEX(Beräkningar!$H$4:$H$51,MATCH(A69,Beräkningar!$K$4:$K$51,0)) -> Japan - Costa Rica | D69: =INDEX(Beräkningar!$B$4:$B$51,MATCH(A69,Beräkningar!$K$4:$K$51,0)) -> Sön 27/11 | E69: =INDEX(Beräkningar!$C$4:$C$51,MATCH(A69,Beräkningar!$K$4:$K$51,0)) -> 0.45833333 | F69: =IF(OR(G69="-",H69="-"),"-",IF(G69>H69,1,IF(G69=H69,"X",2))) -> 1 | G69: 1 | H69: 0 | J69: =IF(M69="-",3,IF(M69=0,3,M69)) -> 3 | K69: =Beräkningar!AG26 -> Japan | L69: =Beräkningar!AH26 -> 4 | M69: -
A70: E4 | C70: =INDEX(Beräkningar!$G$4:$G$51,MATCH(A70,Beräkningar!$K$4:$K$51,0))&" - "&INDEX(Beräkningar!$H$4:$H$51,MATCH(A70,Beräkningar!$K$4:$K$51,0)) -> Spanien - Tyskland | D70: =INDEX(Beräkningar!$B$4:$B$51,MATCH(A70,Beräkningar!$K$4:$K$51,0)) -> Sön 27/11 | E70: =INDEX(Beräkningar!$C$4:$C$51,MATCH(A70,Beräkningar!$K$4:$K$51,0)) -> 0.83333333 | F70: =IF(OR(G70="-",H70="-"),"-",IF(G70>H70,1,IF(G70=H70,"X",2))) -> X | G70: 2 | H70: 2 | J70: =IF(M70="-",4,IF(M70=0,4,M70)) -> 4 | K70: =Beräkningar!AG27 -> Costa Rica | L70: =Beräkningar!AH27 -> 0 | M70: -
A71: E5 | C71: =INDEX(Beräkningar!$G$4:$G$51,MATCH(A71,Beräkningar!$K$4:$K$51,0))&" - "&INDEX(Beräkningar!$H$4:$H$51,MATCH(A71,Beräkningar!$K$4:$K$51,0)) -> Costa Rica - Tyskland | D71: =INDEX(Beräkningar!$B$4:$B$51,MATCH(A71,Beräkningar!$K$4:$K$51,0)) -> Tor 1/12 | E71: =INDEX(Beräkningar!$C$4:$C$51,MATCH(A71,Beräkningar!$K$4:$K$51,0)) -> 0.83333333 | F71: =IF(OR(G71="-",H71="-"),"-",IF(G71>H71,1,IF(G71=H71,"X",2))) -> 2 | G71: 0 | H71: 5 | J71: =IF(MAX(Beräkningar!AL24:AL27)>1,1,0) -> 0 | K71: Korrekt angivet (får ej vara dubbletter)
A72: E6 | C72: =INDEX(Beräkningar!$G$4:$G$51,MATCH(A72,Beräkningar!$K$4:$K$51,0))&" - "&INDEX(Beräkningar!$H$4:$H$51,MATCH(A72,Beräkningar!$K$4:$K$51,0)) -> Japan - Spanien | D72: =INDEX(Beräkningar!$B$4:$B$51,MATCH(A72,Beräkningar!$K$4:$K$51,0)) -> Tor 1/12 | E72: =INDEX(Beräkningar!$C$4:$C$51,MATCH(A72,Beräkningar!$K$4:$K$51,0)) -> 0.83333333 | F72: =IF(OR(G72="-",H72="-"),"-",IF(G72>H72,1,IF(G72=H72,"X",2))) -> X | G72: 1 | H72: 1
C73: Summa
C74: Bonus (30 / 50 poäng)
C75: Totalt
C77: Grupp F | D77: Datum | E77: Tid | F77: 1X2 | G77: Resultat | J77: Plac. | K77: Grupp F | L77: Poäng | M77: Ändra placering
A78: F1 | C78: =INDEX(Beräkningar!$G$4:$G$51,MATCH(A78,Beräkningar!$K$4:$K$51,0))&" - "&INDEX(Beräkningar!$H$4:$H$51,MATCH(A78,Beräkningar!$K$4:$K$51,0)) -> Belgien - Kanada | D78: =INDEX(Beräkningar!$B$4:$B$51,MATCH(A78,Beräkningar!$K$4:$K$51,0)) -> Ons 23/11 | E78: =INDEX(Beräkningar!$C$4:$C$51,MATCH(A78,Beräkningar!$K$4:$K$51,0)) -> 0.83333333 | F78: =IF(OR(G78="-",H78="-"),"-",IF(G78>H78,1,IF(G78=H78,"X",2))) -> 1 | G78: 3 | H78: 0 | J78: =IF(M78="-",1,IF(M78=0,1,M78)) -> 1 | K78: =Beräkningar!AG29 -> Belgien | L78: =Beräkningar!AH29 -> 9 | M78: -
A79: F2 | C79: =INDEX(Beräkningar!$G$4:$G$51,MATCH(A79,Beräkningar!$K$4:$K$51,0))&" - "&INDEX(Beräkningar!$H$4:$H$51,MATCH(A79,Beräkningar!$K$4:$K$51,0)) -> Marocko - Kroatien | D79: =INDEX(Beräkningar!$B$4:$B$51,MATCH(A79,Beräkningar!$K$4:$K$51,0)) -> Ons 23/11 | E79: =INDEX(Beräkningar!$C$4:$C$51,MATCH(A79,Beräkningar!$K$4:$K$51,0)) -> 0.45833333 | F79: =IF(OR(G79="-",H79="-"),"-",IF(G79>H79,1,IF(G79=H79,"X",2))) -> 2 | G79: 0 | H79: 2 | J79: =IF(M79="-",2,IF(M79=0,2,M79)) -> 2 | K79: =Beräkningar!AG30 -> Kroatien | L79: =Beräkningar!AH30 -> 6 | M79: -
A80: F3 | C80: =INDEX(Beräkningar!$G$4:$G$51,MATCH(A80,Beräkningar!$K$4:$K$51,0))&" - "&INDEX(Beräkningar!$H$4:$H$51,MATCH(A80,Beräkningar!$K$4:$K$51,0)) -> Belgien - Marocko | D80: =INDEX(Beräkningar!$B$4:$B$51,MATCH(A80,Beräkningar!$K$4:$K$51,0)) -> Sön 27/11 | E80: =INDEX(Beräkningar!$C$4:$C$51,MATCH(A80,Beräkningar!$K$4:$K$51,0)) -> 0.58333333 | F80: =IF(OR(G80="-",H80="-"),"-",IF(G80>H80,1,IF(G80=H80,"X",2))) -> 1 | G80: 2 | H80: 0 | J80: =IF(M80="-",3,IF(M80=0,3,M80)) -> 3 | K80: =Beräkningar!AG31 -> Marocko | L80: =Beräkningar!AH31 -> 3 | M80: -
A81: F4 | C81: =INDEX(Beräkningar!$G$4:$G$51,MATCH(A81,Beräkningar!$K$4:$K$51,0))&" - "&INDEX(Beräkningar!$H$4:$H$51,MATCH(A81,Beräkningar!$K$4:$K$51,0)) -> Kroatien - Kanada | D81: =INDEX(Beräkningar!$B$4:$B$51,MATCH(A81,Beräkningar!$K$4:$K$51,0)) -> Sön 27/11 | E81: =INDEX(Beräkningar!$C$4:$C$51,MATCH(A81,Beräkningar!$K$4:$K$51,0)) -> 0.70833333 | F81: =IF(OR(G81="-",H81="-"),"-",IF(G81>H81,1,IF(G81=H81,"X",2))) -> 1 | G81: 3 | H81: 0 | J81: =IF(M81="-",4,IF(M81=0,4,M81)) -> 4 | K81: =Beräkningar!AG32 -> Kanada | L81: =Beräkningar!AH32 -> 0 | M81: -
A82: F5 | C82: =INDEX(Beräkningar!$G$4:$G$51,MATCH(A82,Beräkningar!$K$4:$K$51,0))&" - "&INDEX(Beräkningar!$H$4:$H$51,MATCH(A82,Beräkningar!$K$4:$K$51,0)) -> Kanada - Marocko | D82: =INDEX(Beräkningar!$B$4:$B$51,MATCH(A82,Beräkningar!$K$4:$K$51,0)) -> Tor 1/12 | E82: =INDEX(Beräkningar!$C$4:$C$51,MATCH(A82,Beräkningar!$K$4:$K$51,0)) -> 0.66666667 | F82: =IF(OR(G82="-",H82="-"),"-",IF(G82>H82,1,IF(G82=H82,"X",2))) -> 2 | G82: 0 | H82: 1 | J82: =IF(MAX(Beräkningar!AL29:AL32)>1,1,0) -> 0 | K82: Korrekt angivet (får ej vara dubbletter)
A83: F6 | C83: =INDEX(Beräkningar!$G$4:$G$51,MATCH(A83,Beräkningar!$K$4:$K$51,0))&" - "&INDEX(Beräkningar!$H$4:$H$51,MATCH(A83,Beräkningar!$K$4:$K$51,0)) -> Kroatien - Belgien | D83: =INDEX(Beräkningar!$B$4:$B$51,MATCH(A83,Beräkningar!$K$4:$K$51,0)) -> Tor 1/12 | E83: =INDEX(Beräkningar!$C$4:$C$51,MATCH(A83,Beräkningar!$K$4:$K$51,0)) -> 0.66666667 | F83: =IF(OR(G83="-",H83="-"),"-",IF(G83>H83,1,IF(G83=H83,"X",2))) -> 2 | G83: 1 | H83: 2
C84: Summa
C85: Bonus (30 / 50 poäng)
C86: Totalt
C88: Grupp G | D88: Datum | E88: Tid | F88: 1X2 | G88: Resultat | J88: Plac. | K88: Grupp G | L88: Poäng | M88: Ändra placering
A89: G1 | C89: =INDEX(Beräkningar!$G$4:$G$51,MATCH(A89,Beräkningar!$K$4:$K$51,0))&" - "&INDEX(Beräkningar!$H$4:$H$51,MATCH(A89,Beräkningar!$K$4:$K$51,0)) -> Brasilien - Serbien | D89: =INDEX(Beräkningar!$B$4:$B$51,MATCH(A89,Beräkningar!$K$4:$K$51,0)) -> Tor 24/11 | E89: =INDEX(Beräkningar!$C$4:$C$51,MATCH(A89,Beräkningar!$K$4:$K$51,0)) -> 0.83333333 | F89: =IF(OR(G89="-",H89="-"),"-",IF(G89>H89,1,IF(G89=H89,"X",2))) -> 1 | G89: 2 | H89: 1 | J89: =IF(M89="-",1,IF(M89=0,1,M89)) -> 1 | K89: =Beräkningar!AG34 -> Brasilien | L89: =Beräkningar!AH34 -> 9
A90: G2 | C90: =INDEX(Beräkningar!$G$4:$G$51,MATCH(A90,Beräkningar!$K$4:$K$51,0))&" - "&INDEX(Beräkningar!$H$4:$H$51,MATCH(A90,Beräkningar!$K$4:$K$51,0)) -> Schweiz - Kamerun | D90: =INDEX(Beräkningar!$B$4:$B$51,MATCH(A90,Beräkningar!$K$4:$K$51,0)) -> Tor 24/11 | E90: =INDEX(Beräkningar!$C$4:$C$51,MATCH(A90,Beräkningar!$K$4:$K$51,0)) -> 0.45833333 | F90: =IF(OR(G90="-",H90="-"),"-",IF(G90>H90,1,IF(G90=H90,"X",2))) -> X | G90: 1 | H90: 1 | J90: =IF(M90="-",2,IF(M90=0,2,M90)) -> 2 | K90: =Beräkningar!AG35 -> Kamerun | L90: =Beräkningar!AH35 -> 4
A91: G3 | C91: =INDEX(Beräkningar!$G$4:$G$51,MATCH(A91,Beräkningar!$K$4:$K$51,0))&" - "&INDEX(Beräkningar!$H$4:$H$51,MATCH(A91,Beräkningar!$K$4:$K$51,0)) -> Kamerun - Serbien | D91: =INDEX(Beräkningar!$B$4:$B$51,MATCH(A91,Beräkningar!$K$4:$K$51,0)) -> Mån 28/11 | E91: =INDEX(Beräkningar!$C$4:$C$51,MATCH(A91,Beräkningar!$K$4:$K$51,0)) -> 0.45833333 | F91: =IF(OR(G91="-",H91="-"),"-",IF(G91>H91,1,IF(G91=H91,"X",2))) -> 1 | G91: 1 | H91: 0 | J91: =IF(M91="-",3,IF(M91=0,3,M91)) -> 3 | K91: =Beräkningar!AG36 -> Schweiz | L91: =Beräkningar!AH36 -> 2
A92: G4 | C92: =INDEX(Beräkningar!$G$4:$G$51,MATCH(A92,Beräkningar!$K$4:$K$51,0))&" - "&INDEX(Beräkningar!$H$4:$H$51,MATCH(A92,Beräkningar!$K$4:$K$51,0)) -> Brasilien - Schweiz | D92: =INDEX(Beräkningar!$B$4:$B$51,MATCH(A92,Beräkningar!$K$4:$K$51,0)) -> Mån 28/11 | E92: =INDEX(Beräkningar!$C$4:$C$51,MATCH(A92,Beräkningar!$K$4:$K$51,0)) -> 0.70833333 | F92: =IF(OR(G92="-",H92="-"),"-",IF(G92>H92,1,IF(G92=H92,"X",2))) -> 1 | G92: 4 | H92: 0 | J92: =IF(M92="-",4,IF(M92=0,4,M92)) -> 4 | K92: =Beräkningar!AG37 -> Serbien | L92: =Beräkningar!AH37 -> 1
A93: G5 | C93: =INDEX(Beräkningar!$G$4:$G$51,MATCH(A93,Beräkningar!$K$4:$K$51,0))&" - "&INDEX(Beräkningar!$H$4:$H$51,MATCH(A93,Beräkningar!$K$4:$K$51,0)) -> Serbien - Schweiz | D93: =INDEX(Beräkningar!$B$4:$B$51,MATCH(A93,Beräkningar!$K$4:$K$51,0)) -> Fre 2/12 | E93: =INDEX(Beräkningar!$C$4:$C$51,MATCH(A93,Beräkningar!$K$4:$K$51,0)) -> 0.83333333 | F93: =IF(OR(G93="-",H93="-"),"-",IF(G93>H93,1,IF(G93=H93,"X",2))) -> X | G93: 1 | H93: 1 | J93: =IF(MAX(Beräkningar!AL34:AL37)>1,1,0) -> 0 | K93: Korrekt angivet (får ej vara dubbletter)
A94: G6 | C94: =INDEX(Beräkningar!$G$4:$G$51,MATCH(A94,Beräkningar!$K$4:$K$51,0))&" - "&INDEX(Beräkningar!$H$4:$H$51,MATCH(A94,Beräkningar!$K$4:$K$51,0)) -> Kamerun - Brasilien | D94: =INDEX(Beräkningar!$B$4:$B$51,MATCH(A94,Beräkningar!$K$4:$K$51,0)) -> Fre 2/12 | E94: =INDEX(Beräkningar!$C$4:$C$51,MATCH(A94,Beräkningar!$K$4:$K$51,0)) -> 0.83333333 | F94: =IF(OR(G94="-",H94="-"),"-",IF(G94>H94,1,IF(G94=H94,"X",2))) -> 2 | G94: 1 | H94: 2
C95: Summa
C96: Bonus (30 / 50 poäng)
C97: Totalt
C99: Grupp H | D99: Datum | E99: Tid | F99: 1X2 | G99: Resultat | J99: Plac. | K99: Grupp H | L99: Poäng | M99: Ändra placering
A100: H1 | C100: =INDEX(Beräkningar!$G$4:$G$51,MATCH(A100,Beräkningar!$K$4:$K$51,0))&" - "&INDEX(Beräkningar!$H$4:$H$51,MATCH(A100,Beräkningar!$K$4:$K$51,0)) -> Portugal - Ghana | D100: =INDEX(Beräkningar!$B$4:$B$51,MATCH(A100,Beräkningar!$K$4:$K$51,0)) -> Tor 24/11 | E100: =INDEX(Beräkningar!$C$4:$C$51,MATCH(A100,Beräkningar!$K$4:$K$51,0)) -> 0.70833333 | F100: =IF(OR(G100="-",H100="-"),"-",IF(G100>H100,1,IF(G100=H100,"X",2))) -> 1 | G100: 3 | H100: 0 | J100: =IF(M100="-",1,IF(M100=0,1,M100)) -> 1 | K100: =Beräkningar!AG39 -> Portugal | L100: =Beräkningar!AH39 -> 7
A101: H2 | C101: =INDEX(Beräkningar!$G$4:$G$51,MATCH(A101,Beräkningar!$K$4:$K$51,0))&" - "&INDEX(Beräkningar!$H$4:$H$51,MATCH(A101,Beräkningar!$K$4:$K$51,0)) -> Uruguay - Sydkorea | D101: =INDEX(Beräkningar!$B$4:$B$51,MATCH(A101,Beräkningar!$K$4:$K$51,0)) -> Tor 24/11 | E101: =INDEX(Beräkningar!$C$4:$C$51,MATCH(A101,Beräkningar!$K$4:$K$51,0)) -> 0.58333333 | F101: =IF(OR(G101="-",H101="-"),"-",IF(G101>H101,1,IF(G101=H101,"X",2))) -> 1 | G101: 2 | H101: 0 | J101: =IF(M101="-",2,IF(M101=0,2,M101)) -> 2 | K101: =Beräkningar!AG40 -> Uruguay | L101: =Beräkningar!AH40 -> 7
A102: H3 | C102: =INDEX(Beräkningar!$G$4:$G$51,MATCH(A102,Beräkningar!$K$4:$K$51,0))&" - "&INDEX(Beräkningar!$H$4:$H$51,MATCH(A102,Beräkningar!$K$4:$K$51,0)) -> Portugal - Uruguay | D102: =INDEX(Beräkningar!$B$4:$B$51,MATCH(A102,Beräkningar!$K$4:$K$51,0)) -> Mån 28/11 | E102: =INDEX(Beräkningar!$C$4:$C$51,MATCH(A102,Beräkningar!$K$4:$K$51,0)) -> 0.83333333 | F102: =IF(OR(G102="-",H102="-"),"-",IF(G102>H102,1,IF(G102=H102,"X",2))) -> X | G102: 1 | H102: 1 | J102: =IF(M102="-",3,IF(M102=0,3,M102)) -> 3 | K102: =Beräkningar!AG41 -> Ghana | L102: =Beräkningar!AH41 -> 3
A103: H4 | C103: =INDEX(Beräkningar!$G$4:$G$51,MATCH(A103,Beräkningar!$K$4:$K$51,0))&" - "&INDEX(Beräkningar!$H$4:$H$51,MATCH(A103,Beräkningar!$K$4:$K$51,0)) -> Sydkorea - Ghana | D103: =INDEX(Beräkningar!$B$4:$B$51,MATCH(A103,Beräkningar!$K$4:$K$51,0)) -> Mån 28/11 | E103: =INDEX(Beräkningar!$C$4:$C$51,MATCH(A103,Beräkningar!$K$4:$K$51,0)) -> 0.58333333 | F103: =IF(OR(G103="-",H103="-"),"-",IF(G103>H103,1,IF(G103=H103,"X",2))) -> 2 | G103: 0 | H103: 1 | J103: =IF(M103="-",4,IF(M103=0,4,M103)) -> 4 | K103: =Beräkningar!AG42 -> Sydkorea | L103: =Beräkningar!AH42 -> 0
A104: H5 | C104: =INDEX(Beräkningar!$G$4:$G$51,MATCH(A104,Beräkningar!$K$4:$K$51,0))&" - "&INDEX(Beräkningar!$H$4:$H$51,MATCH(A104,Beräkningar!$K$4:$K$51,0)) -> Ghana - Uruguay | D104: =INDEX(Beräkningar!$B$4:$B$51,MATCH(A104,Beräkningar!$K$4:$K$51,0)) -> Fre 2/12 | E104: =INDEX(Beräkningar!$C$4:$C$51,MATCH(A104,Beräkningar!$K$4:$K$51,0)) -> 0.66666667 | F104: =IF(OR(G104="-",H104="-"),"-",IF(G104>H104,1,IF(G104=H104,"X",2))) -> 2 | G104: 0 | H104: 2 | J104: =IF(MAX(Beräkningar!AL39:AL42)>1,1,0) -> 0 | K104: Korrekt angivet (får ej vara dubbletter)
A105: H6 | C105: =INDEX(Beräkningar!$G$4:$G$51,MATCH(A105,Beräkningar!$K$4:$K$51,0))&" - "&INDEX(Beräkningar!$H$4:$H$51,MATCH(A105,Beräkningar!$K$4:$K$51,0)) -> Sydkorea - Portugal | D105: =INDEX(Beräkningar!$B$4:$B$51,MATCH(A105,Beräkningar!$K$4:$K$51,0)) -> Fre 2/12 | E105: =INDEX(Beräkningar!$C$4:$C$51,MATCH(A105,Beräkningar!$K$4:$K$51,0)) -> 0.66666667 | F105: =IF(OR(G105="-",H105="-"),"-",IF(G105>H105,1,IF(G105=H105,"X",2))) -> 2 | G105: 0 | H105: 2
C106: Summa
...

Sheet Rätta
C2: Här kan du föra in resultaten i turneringen så kommer din namnflik att rättas | L2: =Tippa!D3 -> Alla kontroller i arket Tippa är OK
C3: A. Ange resultat i gruppspel
A4: - | C4: (10p för rätt tecken + bonus 30p vid alla rätt, och 5p för rätt resultat + bonus 50p vid alla rätt.)
A5: Argentina
A6: Australien | C6: Rättning | L6: Ditt tips | M6: =Tippa!C3 -> Mitt Namn: Jonathan Behr Mattsson
A7: Belgien | C7: Grupp A | D7: 1X2 | E7: P | F7: Resultat | H7: P | J7: Bonus | L7: 1X2 | M7: Resultat
A8: Brasilien | C8: =Tippa!C23 -> Qatar - Ecuador | D8: =IF(F8="*","*",IF(F8>G8,1,IF(F8=G8,"X",IF(F8<G8,2,"error")))) -> * | E8: =(L8=D8)*$A$73 -> 0 | F8: * | G8: * | H8: =(F8=M8)*(G8=N8)*$A$77 -> 0 | J8: =+IF(SUM(H8:H13)=$A$77*6,$A$78,0) -> 0 | L8: =Tippa!F23 -> X | M8: =Tippa!G23 -> 1 | N8: =Tippa!H23 -> 1
A9: Colombia | C9: =Tippa!C24 -> Senegal - Nederländerna | D9: =IF(F9="*","*",IF(F9>G9,1,IF(F9=G9,"X",IF(F9<G9,2,"error")))) -> * | E9: =(L9=D9)*$A$73 -> 0 | F9: * | G9: * | H9: =(F9=M9)*(G9=N9)*$A$77 -> 0 | J9: =IF(SUM(E8:E13)=$A$73*6,$A$74,0) -> 0 | L9: =Tippa!F24 -> 2 | M9: =Tippa!G24 -> 0 | N9: =Tippa!H24 -> 2
A10: CostaRica | C10: =Tippa!C25 -> Qatar - Senegal | D10: =IF(F10="*","*",IF(F10>G10,1,IF(F10=G10,"X",IF(F10<G10,2,"error")))) -> * | E10: =(L10=D10)*$A$73 -> 0 | F10: * | G10: * | H10: =(F10=M10)*(G10=N10)*$A$77 -> 0 | L10: =Tippa!F25 -> 2 | M10: =Tippa!G25 -> 0 | N10: =Tippa!H25 -> 2
A11: Danmark | C11: =Tippa!C26 -> Nederländerna - Ecuador | D11: =IF(F11="*","*",IF(F11>G11,1,IF(F11=G11,"X",IF(F11<G11,2,"error")))) -> * | E11: =(L11=D11)*$A$73 -> 0 | F11: * | G11: * | H11: =(F11=M11)*(G11=N11)*$A$77 -> 0 | L11: =Tippa!F26 -> 1 | M11: =Tippa!G26 -> 1 | N11: =Tippa!H26 -> 0
A12: Egypten | C12: =Tippa!C27 -> Ecuador - Senegal | D12: =IF(F12="*","*",IF(F12>G12,1,IF(F12=G12,"X",IF(F12<G12,2,"error")))) -> * | E12: =(L12=D12)*$A$73 -> 0 | F12: * | G12: * | H12: =(F12=M12)*(G12=N12)*$A$77 -> 0 | L12: =Tippa!F27 -> 2 | M12: =Tippa!G27 -> 0 | N12: =Tippa!H27 -> 1
A13: England | C13: =Tippa!C28 -> Nederländerna - Qatar | D13: =IF(F13="*","*",IF(F13>G13,1,IF(F13=G13,"X",IF(F13<G13,2,"error")))) -> * | E13: =(L13=D13)*$A$73 -> 0 | F13: * | G13: * | H13: =(F13=M13)*(G13=N13)*$A$77 -> 0 | L13: =Tippa!F28 -> 1 | M13: =Tippa!G28 -> 3 | N13: =Tippa!H28 -> 0
A14: Frankrike
A15: Iran | C15: Grupp B | D15: 1X2 | E15: P | F15: Resultat | H15: P | J15: Bonus | L15: 1X2 | M15: Resultat
A16: Island | C16: =Tippa!C34 -> USA - Wales | D16: =IF(F16="*","*",IF(F16>G16,1,IF(F16=G16,"X",IF(F16<G16,2,"error")))) -> * | E16: =(L16=D16)*$A$73 -> 0 | F16: * | G16: * | H16: =(F16=M16)*(G16=N16)*$A$77 -> 0 | J16: =+IF(SUM(H16:H21)=$A$77*6,$A$78,0) -> 0 | L16: =Tippa!F34 -> X | M16: =Tippa!G34 -> 1 | N16: =Tippa!H34 -> 1
A17: Japan | C17: =Tippa!C35 -> England - Iran | D17: =IF(F17="*","*",IF(F17>G17,1,IF(F17=G17,"X",IF(F17<G17,2,"error")))) -> * | E17: =(L17=D17)*$A$73 -> 0 | F17: * | G17: * | H17: =(F17=M17)*(G17=N17)*$A$77 -> 0 | J17: =IF(SUM(E16:E21)=$A$73*6,$A$74,0) -> 0 | L17: =Tippa!F35 -> 1 | M17: =Tippa!G35 -> 4 | N17: =Tippa!H35 -> 0
A18: Kroatien | C18: =Tippa!C36 -> England - USA | D18: =IF(F18="*","*",IF(F18>G18,1,IF(F18=G18,"X",IF(F18<G18,2,"error")))) -> * | E18: =(L18=D18)*$A$73 -> 0 | F18: * | G18: * | H18: =(F18=M18)*(G18=N18)*$A$77 -> 0 | L18: =Tippa!F36 -> X | M18: =Tippa!G36 -> 2 | N18: =Tippa!H36 -> 2
A19: Marocko | C19: =Tippa!C37 -> Wales - Iran | D19: =IF(F19="*","*",IF(F19>G19,1,IF(F19=G19,"X",IF(F19<G19,2,"error")))) -> * | E19: =(L19=D19)*$A$73 -> 0 | F19: * | G19: * | H19: =(F19=M19)*(G19=N19)*$A$77 -> 0 | L19: =Tippa!F37 -> 1 | M19: =Tippa!G37 -> 2 | N19: =Tippa!H37 -> 0
A20: Mexiko | C20: =Tippa!C38 -> Iran - USA | D20: =IF(F20="*","*",IF(F20>G20,1,IF(F20=G20,"X",IF(F20<G20,2,"error")))) -> * | E20: =(L20=D20)*$A$73 -> 0 | F20: * | G20: * | H20: =(F20=M20)*(G20=N20)*$A$77 -> 0 | L20: =Tippa!F38 -> 2 | M20: =Tippa!G38 -> 1 | N20: =Tippa!H38 -> 3
A21: Nigeria | C21: =Tippa!C39 -> Wales - England | D21: =IF(F21="*","*",IF(F21>G21,1,IF(F21=G21,"X",IF(F21<G21,2,"error")))) -> * | E21: =(L21=D21)*$A$73 -> 0 | F21: * | G21: * | H21: =(F21=M21)*(G21=N21)*$A$77 -> 0 | L21: =Tippa!F39 -> X | M21: =Tippa!G39 -> 1 | N21: =Tippa!H39 -> 1
A22: Panama
A23: Peru | C23: Grupp C | D23: 1X2 | E23: P | F23: Resultat | H23: P | J23: Bonus | L23: 1X2 | M23: Resultat
A24: Polen | C24: =Tippa!C45 -> Argentina - Saudiarabien | D24: =IF(F24="*","*",IF(F24>G24,1,IF(F24=G24,"X",IF(F24<G24,2,"error")))) -> * | E24: =(L24=D24)*$A$73 -> 0 | F24: * | G24: * | H24: =(F24=M24)*(G24=N24)*$A$77 -> 0 | J24: =+IF(SUM(H24:H29)=$A$77*6,$A$78,0) -> 0 | L24: =Tippa!F45 -> 1 | M24: =Tippa!G45 -> 4 | N24: =Tippa!H45 -> 0
A25: Portugal | C25: =Tippa!C46 -> Mexiko - Polen | D25: =IF(F25="*","*",IF(F25>G25,1,IF(F25=G25,"X",IF(F25<G25,2,"error")))) -> * | E25: =(L25=D25)*$A$73 -> 0 | F25: * | G25: * | H25: =(F25=M25)*(G25=N25)*$A$77 -> 0 | J25: =IF(SUM(E24:E29)=$A$73*6,$A$74,0) -> 0 | L25: =Tippa!F46 -> 1 | M25: =Tippa!G46 -> 2 | N25: =Tippa!H46 -> 1
A26: Ryssland | C26: =Tippa!C47 -> Polen - Saudiarabien | D26: =IF(F26="*","*",IF(F26>G26,1,IF(F26=G26,"X",IF(F26<G26,2,"error")))) -> * | E26: =(L26=D26)*$A$73 -> 0 | F26: * | G26: * | H26: =(F26=M26)*(G26=N26)*$A$77 -> 0 | L26: =Tippa!F47 -> 1 | M26: =Tippa!G47 -> 1 | N26: =Tippa!H47 -> 0
A27: Saudiarabien | C27: =Tippa!C48 -> Argentina - Mexiko | D27: =IF(F27="*","*",IF(F27>G27,1,IF(F27=G27,"X",IF(F27<G27,2,"error")))) -> * | E27: =(L27=D27)*$A$73 -> 0 | F27: * | G27: * | H27: =(F27=M27)*(G27=N27)*$A$77 -> 0 | L27: =Tippa!F48 -> X | M27: =Tippa!G48 -> 2 | N27: =Tippa!H48 -> 2
A28: Schweiz | C28: =Tippa!C49 -> Saudiarabien - Mexiko | D28: =IF(F28="*","*",IF(F28>G28,1,IF(F28=G28,"X",IF(F28<G28,2,"error")))) -> * | E28: =(L28=D28)*$A$73 -> 0 | F28: * | G28: * | H28: =(F28=M28)*(G28=N28)*$A$77 -> 0 | L28: =Tippa!F49 -> 2 | M28: =Tippa!G49 -> 0 | N28: =Tippa!H49 -> 2
A29: Senegal | C29: =Tippa!C50 -> Polen - Argentina | D29: =IF(F29="*","*",IF(F29>G29,1,IF(F29=G29,"X",IF(F29<G29,2,"error")))) -> * | E29: =(L29=D29)*$A$73 -> 0 | F29: * | G29: * | H29: =(F29=M29)*(G29=N29)*$A$77 -> 0 | L29: =Tippa!F50 -> 2 | M29: =Tippa!G50 -> 1 | N29: =Tippa!H50 -> 2
A30: Serbien
A31: Spanien | C31: Grupp D | D31: 1X2 | E31: P | F31: Resultat | H31: P | J31: Bonus | L31: 1X2 | M31: Resultat
A32: Sverige | C32: =Tippa!C56 -> Frankrike - Australien | D32: =IF(F32="*","*",IF(F32>G32,1,IF(F32=G32,"X",IF(F32<G32,2,"error")))) -> * | E32: =(L32=D32)*$A$73 -> 0 | F32: * | G32: * | H32: =(F32=M32)*(G32=N32)*$A$77 -> 0 | J32: =+IF(SUM(H32:H37)=$A$77*6,$A$78,0) -> 0 | L32: =Tippa!F56 -> 1 | M32: =Tippa!G56 -> 4 | N32: =Tippa!H56 -> 0
A33: Sydkorea | C33: =Tippa!C57 -> Danmark - Tunisien | D33: =IF(F33="*","*",IF(F33>G33,1,IF(F33=G33,"X",IF(F33<G33,2,"error")))) -> * | E33: =(L33=D33)*$A$73 -> 0 | F33: * | G33: * | H33: =(F33=M33)*(G33=N33)*$A$77 -> 0 | J33: =IF(SUM(E32:E37)=$A$73*6,$A$74,0) -> 0 | L33: =Tippa!F57 -> 1 | M33: =Tippa!G57 -> 2 | N33: =Tippa!H57 -> 1
A34: Tunisien | C34: =Tippa!C58 -> Frankrike - Danmark | D34: =IF(F34="*","*",IF(F34>G34,1,IF(F34=G34,"X",IF(F34<G34,2,"error")))) -> * | E34: =(L34=D34)*$A$73 -> 0 | F34: * | G34: * | H34: =(F34=M34)*(G34=N34)*$A$77 -> 0 | L34: =Tippa!F58 -> 1 | M34: =Tippa!G58 -> 1 | N34: =Tippa!H58 -> 0
A35: Tyskland | C35: =Tippa!C59 -> Tunisien - Australien | D35: =IF(F35="*","*",IF(F35>G35,1,IF(F35=G35,"X",IF(F35<G35,2,"error")))) -> * | E35: =(L35=D35)*$A$73 -> 0 | F35: * | G35: * | H35: =(F35=M35)*(G35=N35)*$A$77 -> 0 | L35: =Tippa!F59 -> X | M35: =Tippa!G59 -> 1 | N35: =Tippa!H59 -> 1
A36: Uruguay | C36: =Tippa!C60 -> Australien - Danmark | D36: =IF(F36="*","*",IF(F36>G36,1,IF(F36=G36,"X",IF(F36<G36,2,"error")))) -> * | E36: =(L36=D36)*$A$73 -> 0 | F36: * | G36: * | H36: =(F36=M36)*(G36=N36)*$A$77 -> 0 | L36: =Tippa!F60 -> 2 | M36: =Tippa!G60 -> 0 | N36: =Tippa!H60 -> 3
C37: =Tippa!C61 -> Tunisien - Frankrike | D37: =IF(F37="*","*",IF(F37>G37,1,IF(F37=G37,"X",IF(F37<G37,2,"error")))) -> * | E37: =(L37=D37)*$A$73 -> 0 | F37: * | G37: * | H37: =(F37=M37)*(G37=N37)*$A$77 -> 0 | L37: =Tippa!F61 -> 2 | M37: =Tippa!G61 -> 0 | N37: =Tippa!H61 -> 2
C39: Grupp E | D39: 1X2 | E39: P | F39: Resultat | H39: P | J39: Bonus | L39: 1X2 | M39: Resultat
C40: =Tippa!C67 -> Tyskland - Japan | D40: =IF(F40="*","*",IF(F40>G40,1,IF(F40=G40,"X",IF(F40<G40,2,"error")))) -> * | E40: =(L40=D40)*$A$73 -> 0 | F40: * | G40: * | H40: =(F40=M40)*(G40=N40)*$A$77 -> 0 | J40: =+IF(SUM(H40:H45)=$A$77*6,$A$78,0) -> 0 | L40: =Tippa!F67 -> 1 | M40: =Tippa!G67 -> 3 | N40: =Tippa!H67 -> 1
C41: =Tippa!C68 -> Spanien - Costa Rica | D41: =IF(F41="*","*",IF(F41>G41,1,IF(F41=G41,"X",IF(F41<G41,2,"error")))) -> * | E41: =(L41=D41)*$A$73 -> 0 | F41: * | G41: * | H41: =(F41=M41)*(G41=N41)*$A$77 -> 0 | J41: =IF(SUM(E40:E45)=$A$73*6,$A$74,0) -> 0 | L41: =Tippa!F68 -> 1 | M41: =Tippa!G68 -> 3 | N41: =Tippa!H68 -> 1
C42: =Tippa!C69 -> Japan - Costa Rica | D42: =IF(F42="*","*",IF(F42>G42,1,IF(F42=G42,"X",IF(F42<G42,2,"error")))) -> * | E42: =(L42=D42)*$A$73 -> 0 | F42: * | G42: * | H42: =(F42=M42)*(G42=N42)*$A$77 -> 0 | L42: =Tippa!F69 -> 1 | M42: =Tippa!G69 -> 1 | N42: =Tippa!H69 -> 0
C43: =Tippa!C70 -> Spanien - Tyskland | D43: =IF(F43="*","*",IF(F43>G43,1,IF(F43=G43,"X",IF(F43<G43,2,"error")))) -> * | E43: =(L43=D43)*$A$73 -> 0 | F43: * | G43: * | H43: =(F43=M43)*(G43=N43)*$A$77 -> 0 | L43: =Tippa!F70 -> X | M43: =Tippa!G70 -> 2 | N43: =Tippa!H70 -> 2
C44: =Tippa!C71 -> Costa Rica - Tyskland | D44: =IF(F44="*","*",IF(F44>G44,1,IF(F44=G44,"X",IF(F44<G44,2,"error")))) -> * | E44: =(L44=D44)*$A$73 -> 0 | F44: * | G44: * | H44: =(F44=M44)*(G44=N44)*$A$77 -> 0 | L44: =Tippa!F71 -> 2 | M44: =Tippa!G71 -> 0 | N44: =Tippa!H71 -> 5
C45: =Tippa!C72 -> Japan - Spanien | D45: =IF(F45="*","*",IF(F45>G45,1,IF(F45=G45,"X",IF(F45<G45,2,"error")))) -> * | E45: =(L45=D45)*$A$73 -> 0 | F45: * | G45: * | H45: =(F45=M45)*(G45=N45)*$A$77 -> 0 | L45: =Tippa!F72 -> X | M45: =Tippa!G72 -> 1 | N45: =Tippa!H72 -> 1
C47: Grupp F | D47: 1X2 | E47: P | F47: Resultat | H47: P | J47: Bonus | L47: 1X2 | M47: Resultat
C48: =Tippa!C78 -> Belgien - Kanada | D48: =IF(F48="*","*",IF(F48>G48,1,IF(F48=G48,"X",IF(F48<G48,2,"error")))) -> * | E48: =(L48=D48)*$A$73 -> 0 | F48: * | G48: * | H48: =(F48=M48)*(G48=N48)*$A$77 -> 0 | J48: =+IF(SUM(H48:H53)=$A$77*6,$A$78,0) -> 0 | L48: =Tippa!F78 -> 1 | M48: =Tippa!G78 -> 3 | N48: =Tippa!H78 -> 0
C49: =Tippa!C79 -> Marocko - Kroatien | D49: =IF(F49="*","*",IF(F49>G49,1,IF(F49=G49,"X",IF(F49<G49,2,"error")))) -> * | E49: =(L49=D49)*$A$73 -> 0 | F49: * | G49: * | H49: =(F49=M49)*(G49=N49)*$A$77 -> 0 | J49: =IF(SUM(E48:E53)=$A$73*6,$A$74,0) -> 0 | L49: =Tippa!F79 -> 2 | M49: =Tippa!G79 -> 0 | N49: =Tippa!H79 -> 2
A50: * | C50: =Tippa!C80 -> Belgien - Marocko | D50: =IF(F50="*","*",IF(F50>G50,1,IF(F50=G50,"X",IF(F50<G50,2,"error")))) -> * | E50: =(L50=D50)*$A$73 -> 0 | F50: * | G50: * | H50: =(F50=M50)*(G50=N50)*$A$77 -> 0 | L50: =Tippa!F80 -> 1 | M50: =Tippa!G80 -> 2 | N50: =Tippa!H80 -> 0
A51: =Tippa!A5 -> 1 | C51: =Tippa!C81 -> Kroatien - Kanada | D51: =IF(F51="*","*",IF(F51>G51,1,IF(F51=G51,"X",IF(F51<G51,2,"error")))) -> * | E51: =(L51=D51)*$A$73 -> 0 | F51: * | G51: * | H51: =(F51=M51)*(G51=N51)*$A$77 -> 0 | L51: =Tippa!F81 -> 1 | M51: =Tippa!G81 -> 3 | N51: =Tippa!H81 -> 0
A52: =Tippa!A6 -> 2 | C52: =Tippa!C82 -> Kanada - Marocko | D52: =IF(F52="*","*",IF(F52>G52,1,IF(F52=G52,"X",IF(F52<G52,2,"error")))) -> * | E52: =(L52=D52)*$A$73 -> 0 | F52: * | G52: * | H52: =(F52=M52)*(G52=N52)*$A$77 -> 0 | L52: =Tippa!F82 -> 2 | M52: =Tippa!G82 -> 0 | N52: =Tippa!H82 -> 1
A53: =Tippa!A7 -> 3 | C53: =Tippa!C83 -> Kroatien - Belgien | D53: =IF(F53="*","*",IF(F53>G53,1,IF(F53=G53,"X",IF(F53<G53,2,"error")))) -> * | E53: =(L53=D53)*$A$73 -> 0 | F53: * | G53: * | H53: =(F53=M53)*(G53=N53)*$A$77 -> 0 | L53: =Tippa!F83 -> 2 | M53: =Tippa!G83 -> 1 | N53: =Tippa!H83 -> 2
A54: =Tippa!A8 -> 4
C55: Grupp G | D55: 1X2 | E55: P | F55: Resultat | H55: P | J55: Bonus | L55: 1X2 | M55: Resultat
A56: * | C56: =Tippa!C89 -> Brasilien - Serbien | D56: =IF(F56="*","*",IF(F56>G56,1,IF(F56=G56,"X",IF(F56<G56,2,"error")))) -> * | E56: =(L56=D56)*$A$73 -> 0 | F56: * | G56: * | H56: =(F56=M56)*(G56=N56)*$A$77 -> 0 | J56: =+IF(SUM(H56:H61)=$A$77*6,$A$78,0) -> 0 | L56: =Tippa!F89 -> 1 | M56: =Tippa!G89 -> 2 | N56: =Tippa!H89 -> 1
A57: =Tippa!A11 -> 0 | C57: =Tippa!C90 -> Schweiz - Kamerun | D57: =IF(F57="*","*",IF(F57>G57,1,IF(F57=G57,"X",IF(F57<G57,2,"error")))) -> * | E57: =(L57=D57)*$A$73 -> 0 | F57: * | G57: * | H57: =(F57=M57)*(G57=N57)*$A$77 -> 0 | J57: =IF(SUM(E56:E61)=$A$73*6,$A$74,0) -> 0 | L57: =Tippa!F90 -> X | M57: =Tippa!G90 -> 1 | N57: =Tippa!H90 -> 1
A58: =Tippa!A12 -> 1 | C58: =Tippa!C91 -> Kamerun - Serbien | D58: =IF(F58="*","*",IF(F58>G58,1,IF(F58=G58,"X",IF(F58<G58,2,"error")))) -> * | E58: =(L58=D58)*$A$73 -> 0 | F58: * | G58: * | H58: =(F58=M58)*(G58=N58)*$A$77 -> 0 | L58: =Tippa!F91 -> 1 | M58: =Tippa!G91 -> 1 | N58: =Tippa!H91 -> 0
A59: =Tippa!A14 -> 3 | C59: =Tippa!C92 -> Brasilien - Schweiz | D59: =IF(F59="*","*",IF(F59>G59,1,IF(F59=G59,"X",IF(F59<G59,2,"error")))) -> * | E59: =(L59=D59)*$A$73 -> 0 | F59: * | G59: * | H59: =(F59=M59)*(G59=N59)*$A$77 -> 0 | L59: =Tippa!F92 -> 1 | M59: =Tippa!G92 -> 4 | N59: =Tippa!H92 -> 0
A60: =Tippa!A15 -> 4 | C60: =Tippa!C93 -> Serbien - Schweiz | D60: =IF(F60="*","*",IF(F60>G60,1,IF(F60=G60,"X",IF(F60<G60,2,"error")))) -> * | E60: =(L60=D60)*$A$73 -> 0 | F60: * | G60: * | H60: =(F60=M60)*(G60=N60)*$A$77 -> 0 | L60: =Tippa!F93 -> X | M60: =Tippa!G93 -> 1 | N60: =Tippa!H93 -> 1
A61: =Tippa!A16 -> 5 | C61: =Tippa!C94 -> Kamerun - Brasilien | D61: =IF(F61="*","*",IF(F61>G61,1,IF(F61=G61,"X",IF(F61<G61,2,"error")))) -> * | E61: =(L61=D61)*$A$73 -> 0 | F61: * | G61: * | H61: =(F61=M61)*(G61=N61)*$A$77 -> 0 | L61: =Tippa!F94 -> 2 | M61: =Tippa!G94 -> 1 | N61: =Tippa!H94 -> 2
A62: =Tippa!A17 -> 6
A63: =Tippa!A18 -> 7 | C63: Grupp H | D63: 1X2 | E63: P | F63: Resultat | H63: P | J63: Bonus | L63: 1X2 | M63: Resultat
A64: =Tippa!A19 -> 8 | C64: =Tippa!C100 -> Portugal - Ghana | D64: =IF(F64="*","*",IF(F64>G64,1,IF(F64=G64,"X",IF(F64<G64,2,"error")))) -> * | E64: =(L64=D64)*$A$73 -> 0 | F64: * | G64: * | H64: =(F64=M64)*(G64=N64)*$A$77 -> 0 | J64: =+IF(SUM(H64:H69)=$A$77*6,$A$78,0) -> 0 | L64: =Tippa!F100 -> 1 | M64: =Tippa!G100 -> 3 | N64: =Tippa!H100 -> 0
A65: =Tippa!A20 -> 9 | C65: =Tippa!C101 -> Uruguay - Sydkorea | D65: =IF(F65="*","*",IF(F65>G65,1,IF(F65=G65,"X",IF(F65<G65,2,"error")))) -> * | E65: =(L65=D65)*$A$73 -> 0 | F65: * | G65: * | H65: =(F65=M65)*(G65=N65)*$A$77 -> 0 | J65: =IF(SUM(E64:E69)=$A$73*6,$A$74,0) -> 0 | L65: =Tippa!F101 -> 1 | M65: =Tippa!G101 -> 2 | N65: =Tippa!H101 -> 0
A66: =Tippa!A21 -> 10 | C66: =Tippa!C102 -> Portugal - Uruguay | D66: =IF(F66="*","*",IF(F66>G66,1,IF(F66=G66,"X",IF(F66<G66,2,"error")))) -> * | E66: =(L66=D66)*$A$73 -> 0 | F66: * | G66: * | H66: =(F66=M66)*(G66=N66)*$A$77 -> 0 | L66: =Tippa!F102 -> X | M66: =Tippa!G102 -> 1 | N66: =Tippa!H102 -> 1
A67: =Tippa!A22 -> - | C67: =Tippa!C103 -> Sydkorea - Ghana | D67: =IF(F67="*","*",IF(F67>G67,1,IF(F67=G67,"X",IF(F67<G67,2,"error")))) -> * | E67: =(L67=D67)*$A$73 -> 0 | F67: * | G67: * | H67: =(F67=M67)*(G67=N67)*$A$77 -> 0 | L67: =Tippa!F103 -> 2 | M67: =Tippa!G103 -> 0 | N67: =Tippa!H103 -> 1
C68: =Tippa!C104 -> Ghana - Uruguay | D68: =IF(F68="*","*",IF(F68>G68,1,IF(F68=G68,"X",IF(F68<G68,2,"error")))) -> * | E68: =(L68=D68)*$A$73 -> 0 | F68: * | G68: * | H68: =(F68=M68)*(G68=N68)*$A$77 -> 0 | L68: =Tippa!F104 -> 2 | M68: =Tippa!G104 -> 0 | N68: =Tippa!H104 -> 2
C69: =Tippa!C105 -> Sydkorea - Portugal | D69: =IF(F69="*","*",IF(F69>G69,1,IF(F69=G69,"X",IF(F69<G69,2,"error")))) -> * | E69: =(L69=D69)*$A$73 -> 0 | F69: * | G69: * | H69: =(F69=M69)*(G69=N69)*$A$77 -> 0 | L69: =Tippa!F105 -> 2 | M69: =Tippa!G105 -> 0 | N69: =Tippa!H105 -> 2
A70: 1,X,2 Poäng
C71: Totalt | E71: =SUM(E8:E13,E16:E21,E24:E29,E32:E37,E40:E45,E48:E53,E56:E61,E64:E69) -> 0 | H71: =SUM(H8:H13,H16:H21,H24:H29,H32:H37,H40:H45,H48:H53,H56:H61,H64:H69) -> 0 | J71: =SUM(J8:J9,J16:J17,J24:J25,J32:J33,J40:J41,J48:J49,J56:J57,J64:J65) -> 0
A73: 10 | C73: B. Ange placeringarna 1-4 i grupperna.
A74: 30 | C74: (10p för rätt placering + 20p i bonus vid alla 4 placeringar rätt.)
A75: Resultat poäng
C76: Rättning | M76: Ditt tips
A77: 5 | C77: =C7 -> Grupp A | D77: plats | E77: P | J77: Bonus | M77: plats
A78: 50 | C78: =Beräkningar!N4 -> Qatar | D78: * | E78: =IF(D78=M78,$A$80,0) -> 0 | J78: =IF(SUM(E78:E81)=$A$80*4,$A$81,0) -> 0 | M78: =Beräkningar!AO4 -> 4
A79: Grupp poäng | C79: =Beräkningar!N5 -> Ecuador | D79: * | E79: =IF(D79=M79,$A$80,0) -> 0 | M79: =Beräkningar!AO5 -> 3
A80: 10 | C80: =Beräkningar!N6 -> Senegal | D80: * | E80: =IF(D80=M80,$A$80,0) -> 0 | M80: =Beräkningar!AO6 -> 2
A81: 20 | C81: =Beräkningar!N7 -> Nederländerna | D81: * | E81: =IF(D81=M81,$A$80,0) -> 0 | M81: =Beräkningar!AO7 -> 1
A82: Kvartsfinal poäng
A83: 20 | C83: =C15 -> Grupp B | D83: plats | E83: P | J83: Bonus | M83: plats
A84: 50 | C84: =Beräkningar!N9 -> England | D84: * | E84: =IF(D84=M84,$A$80,0) -> 0 | J84: =IF(SUM(E84:E87)=$A$80*4,$A$81,0) -> 0 | M84: =Beräkningar!AO9 -> 1
A85: Semifinal poäng | C85: =Beräkningar!N10 -> Iran | D85: * | E85: =IF(D85=M85,$A$80,0) -> 0 | M85: =Beräkningar!AO10 -> 4
A86: 20 | C86: =Beräkningar!N11 -> USA | D86: * | E86: =IF(D86=M86,$A$80,0) -> 0 | M86: =Beräkningar!AO11 -> 2
A87: 50 | C87: =Beräkningar!N12 -> Wales | D87: * | E87: =IF(D87=M87,$A$80,0) -> 0 | M87: =Beräkningar!AO12 -> 3
A88: Placeringspoäng
A89: 20 | C89: =C23 -> Grupp C | D89: plats | E89: P | J89: Bonus | M89: plats
A90: 30 | C90: =Beräkningar!N14 -> Argentina | D90: * | E90: =IF(D90=M90,$A$80,0) -> 0 | J90: =IF(SUM(E90:E93)=$A$80*4,$A$81,0) -> 0 | M90: =Beräkningar!AO14 -> 1
A91: 100 | C91: =Beräkningar!N15 -> Saudiarabien | D91: * | E91: =IF(D91=M91,$A$80,0) -> 0 | M91: =Beräkningar!AO15 -> 4
A92: Skytteligapoäng | C92: =Beräkningar!N16 -> Mexiko | D92: * | E92: =IF(D92=M92,$A$80,0) -> 0 | M92: =Beräkningar!AO16 -> 2
A93: 20 | C93: =Beräkningar!N17 -> Polen | D93: * | E93: =IF(D93=M93,$A$80,0) -> 0 | M93: =Beräkningar!AO17 -> 3
A94: 10
C95: =C31 -> Grupp D | D95: plats | E95: P | J95: Bonus | M95: plats
A96: Målskytt poäng | C96: =Beräkningar!N19 -> Frankrike | D96: * | E96: =IF(D96=M96,$A$80,0) -> 0 | J96: =IF(SUM(E96:E99)=$A$80*4,$A$81,0) -> 0 | M96: =Beräkningar!AO19 -> 1
A97: 30 | C97: =Beräkningar!N20 -> Australien | D97: * | E97: =IF(D97=M97,$A$80,0) -> 0 | M97: =Beräkningar!AO20 -> 4
C98: =Beräkningar!N21 -> Danmark | D98: * | E98: =IF(D98=M98,$A$80,0) -> 0 | M98: =Beräkningar!AO21 -> 2
A99: Röda kort poäng | C99: =Beräkningar!N22 -> Tunisien | D99: * | E99: =IF(D99=M99,$A$80,0) -> 0 | M99: =Beräkningar!AO22 -> 3
A100: 20
C101: Grupp E | D101: plats | E101: P | J101: Bonus | M101: plats
A102: Straff poäng | C102: =Beräkningar!N24 -> Spanien | D102: * | E102: =IF(D102=M102,$A$80,0) -> 0 | J102: =IF(SUM(E102:E105)=$A$80*4,$A$81,0) -> 0 | M102: =Beräkningar!AO24 -> 2
A103: 20 | C103: =Beräkningar!N25 -> Costa Rica | D103: * | E103: =IF(D103=M103,$A$80,0) -> 0 | M103: =Beräkningar!AO25 -> 4
C104: =Beräkningar!N26 -> Tyskland | D104: * | E104: =IF(D104=M104,$A$80,0) -> 0 | M104: =Beräkningar!AO26 -> 1
...

Sheet Kolla
C2: ="Sammanfattning VM Tips: "&Tippa!C3 -> Sammanfattning VM Tips: Mitt Namn: Jonathan Behr Mattsson | J2: =Tippa!D3 -> Alla kontroller i arket Tippa är OK
C4: Moment | G4: Dina poäng | J4: Check
C5: A: Match och resultat | G5: =SUM(D28:E29,H28:I29,L28:M29,P28:Q29,D43:E44,H43:I44,L43:M44,P43:Q44) -> 0 | J5: =IF(ABS(G5-Rätta!G226)>0.01,1,0) -> 0
C6: B: Placeringar i gruppen | G6: =SUM(D30:E30,H30:I30,L30:M30,P30:Q30,D45:E45,H45:I45,L45:M45,P45:Q45) -> 0 | J6: =IF(ABS(G6-Rätta!G227)>0.01,1,0) -> 0
C7: C: Lag till åttondelsfinal | G7: =E86 -> 0 | J7: =IF(ABS(G7-Rätta!G228)>0.01,1,0) -> 0
C8: D: Lag i kvartsfinal | G8: =E87 -> 0 | J8: =IF(ABS(G8-Rätta!G229)>0.01,1,0) -> 0
C9: E: Lag i semifinal | G9: =E88 -> 0 | J9: =IF(ABS(G9-Rätta!G230)>0.01,1,0) -> 0
C10: F: Placeringar 1-4 | G10: =E89 -> 0 | J10: =IF(ABS(G10-Rätta!G231)>0.01,1,0) -> 0
C11: G: Top 3 skytteliga | G11: =H89 -> 0 | J11: =IF(ABS(G11-Rätta!G232)>0.01,1,0) -> 0
C12: H: Första målskytt | G12: =H92 -> 0 | J12: =IF(ABS(G12-Rätta!G233)>0.01,1,0) -> 0
C13: I: Lag som får första röda kort | G13: =L87 -> 0 | J13: =IF(ABS(G13-Rätta!G234)>0.01,1,0) -> 0
C14: J: Lag som gör första målet | G14: =P87 -> 0 | J14: =IF(ABS(G14-Rätta!G235)>0.01,1,0) -> 0
C15: TOTALT | G15: =SUM(G5:G14) -> 0 | J15: =IF(ABS(G15-Rätta!G236)>0.01,1,0) -> 0
C18: Gruppspelet
C20: Grupp A | D20: Placering | G20: Grupp B | H20: Placering | K20: Grupp C | L20: Placering | O20: Grupp D | P20: Placering
C21: Land | D21: Ditt tips | E21: Poäng | G21: Land | H21: Ditt tips | I21: Poäng | K21: Land | L21: Ditt tips | M21: Poäng | O21: Land | P21: Ditt tips | Q21: Poäng
D22: =Beräkningar!AO4 -> 4 | E22: =Rätta!E78 -> 0 | H22: =Beräkningar!AO9 -> 1 | I22: =Rätta!E84 -> 0 | L22: =Beräkningar!AO14 -> 1 | M22: =Rätta!E90 -> 0 | P22: =Beräkningar!AO19 -> 1 | Q22: =Rätta!E96 -> 0
D23: =Beräkningar!AO5 -> 3 | E23: =Rätta!E79 -> 0 | H23: =Beräkningar!AO10 -> 4 | I23: =Rätta!E85 -> 0 | L23: =Beräkningar!AO15 -> 4 | M23: =Rätta!E91 -> 0 | P23: =Beräkningar!AO20 -> 4 | Q23: =Rätta!E97 -> 0
D24: =Beräkningar!AO6 -> 2 | E24: =Rätta!E80 -> 0 | H24: =Beräkningar!AO11 -> 2 | I24: =Rätta!E86 -> 0 | L24: =Beräkningar!AO16 -> 2 | M24: =Rätta!E92 -> 0 | P24: =Beräkningar!AO21 -> 2 | Q24: =Rätta!E98 -> 0
D25: =Beräkningar!AO7 -> 1 | E25: =Rätta!E81 -> 0 | H25: =Beräkningar!AO12 -> 3 | I25: =Rätta!E87 -> 0 | L25: =Beräkningar!AO17 -> 3 | M25: =Rätta!E93 -> 0 | P25: =Beräkningar!AO22 -> 3 | Q25: =Rätta!E99 -> 0
C27: Grupp A | D27: Poäng | E27: Bonus | G27: Grupp B | H27: Poäng | I27: Bonus | K27: Grupp C | L27: Poäng | M27: Bonus | O27: Grupp D | P27: Poäng | Q27: Bonus
C28: Resultat | D28: =SUM(Rätta!H8:H13) -> 0 | E28: =Rätta!J8 -> 0 | G28: Resultat | H28: =SUM(Rätta!H16:H21) -> 0 | I28: =Rätta!J16 -> 0 | K28: Resultat | L28: =SUM(Rätta!H24:H29) -> 0 | M28: =Rätta!J24 -> 0 | O28: Resultat | P28: =SUM(Rätta!H32:H37) -> 0 | Q28: =Rätta!J32 -> 0
C29: 1,X,2 | D29: =SUM(Rätta!E8:E13) -> 0 | E29: =Rätta!J9 -> 0 | G29: 1,X,2 | H29: =SUM(Rätta!E16:E21) -> 0 | I29: =Rätta!J17 -> 0 | K29: 1,X,2 | L29: =SUM(Rätta!E24:E29) -> 0 | M29: =Rätta!J25 -> 0 | O29: 1,X,2 | P29: =SUM(Rätta!E32:E37) -> 0 | Q29: =Rätta!J33 -> 0
C30: Placeringsbonus | D30: =SUM(E22:E25) -> 0 | E30: =Rätta!J78 -> 0 | G30: Placeringsbonus | H30: =SUM(I22:I25) -> 0 | I30: =Rätta!J84 -> 0 | K30: Placeringsbonus | L30: =SUM(M22:M25) -> 0 | M30: =Rätta!J90 -> 0 | O30: Placeringsbonus | P30: =SUM(Q22:Q25) -> 0 | Q30: =Rätta!J96 -> 0
C32: Totalt Grupp A | D32: =SUM(D28:E30) -> 0 | G32: Totalt Grupp B | H32: =SUM(H28:I30) -> 0 | K32: Totalt Grupp C | L32: =SUM(L28:M30) -> 0 | O32: Totalt Grupp D | P32: =SUM(P28:Q30) -> 0
C35: Grupp E | D35: Placering | G35: Grupp F | H35: Placering | K35: Grupp G | L35: Placering | O35: Grupp H | P35: Placering
C36: Land | D36: Ditt tips | E36: Poäng | G36: Land | H36: Ditt tips | I36: Poäng | K36: Land | L36: Ditt tips | M36: Poäng | O36: Land | P36: Ditt tips | Q36: Poäng
D37: =Beräkningar!AO24 -> 2 | E37: =Rätta!E102 -> 0 | H37: =Beräkningar!AO29 -> 1 | I37: =Rätta!E108 -> 0 | L37: =Beräkningar!AO34 -> 1 | M37: =Rätta!E114 -> 0 | P37: =Beräkningar!AO39 -> 1 | Q37: =Rätta!E120 -> 0
D38: =Beräkningar!AO25 -> 4 | E38: =Rätta!E103 -> 0 | H38: =Beräkningar!AO30 -> 4 | I38: =Rätta!E109 -> 0 | L38: =Beräkningar!AO35 -> 4 | M38: =Rätta!E115 -> 0 | P38: =Beräkningar!AO40 -> 3 | Q38: =Rätta!E121 -> 0
D39: =Beräkningar!AO26 -> 1 | E39: =Rätta!E104 -> 0 | H39: =Beräkningar!AO31 -> 3 | I39: =Rätta!E110 -> 0 | L39: =Beräkningar!AO36 -> 3 | M39: =Rätta!E116 -> 0 | P39: =Beräkningar!AO41 -> 2 | Q39: =Rätta!E122 -> 0
D40: =Beräkningar!AO27 -> 3 | E40: =Rätta!E105 -> 0 | H40: =Beräkningar!AO32 -> 2 | I40: =Rätta!E111 -> 0 | L40: =Beräkningar!AO37 -> 2 | M40: =Rätta!E117 -> 0 | P40: =Beräkningar!AO42 -> 4 | Q40: =Rätta!E123 -> 0
C42: Grupp E | D42: Poäng | E42: Bonus | G42: Grupp F | H42: Poäng | I42: Bonus | K42: Grupp G | L42: Poäng | M42: Bonus | O42: Grupp H | P42: Poäng | Q42: Bonus
C43: Resultat | D43: =SUM(Rätta!H40:H45) -> 0 | E43: =Rätta!J40 -> 0 | G43: Resultat | H43: =SUM(Rätta!H48:H53) -> 0 | I43: =Rätta!J48 -> 0 | K43: Resultat | L43: =SUM(Rätta!H56:H61) -> 0 | M43: =Rätta!J56 -> 0 | O43: Resultat | P43: =SUM(Rätta!H64:H69) -> 0 | Q43: =Rätta!J64 -> 0
C44: 1,X,2 | D44: =SUM(Rätta!E40:E45) -> 0 | E44: =Rätta!J41 -> 0 | G44: 1,X,2 | H44: =SUM(Rätta!E48:E53) -> 0 | I44: =Rätta!J49 -> 0 | K44: 1,X,2 | L44: =SUM(Rätta!E56:E61) -> 0 | M44: =Rätta!J57 -> 0 | O44: 1,X,2 | P44: =SUM(Rätta!E64:E69) -> 0 | Q44: =Rätta!J65 -> 0
C45: Placering | D45: =SUM(E37:E40) -> 0 | E45: =Rätta!J102 -> 0 | G45: Placeringsbonus | H45: =SUM(I37:I40) -> 0 | I45: =Rätta!J108 -> 0 | K45: Placeringsbonus | L45: =SUM(M37:M40) -> 0 | M45: =Rätta!J114 -> 0 | O45: Placeringsbonus | P45: =SUM(Q37:Q40) -> 0 | Q45: =Rätta!J120 -> 0
C47: Totalt Grupp E | D47: =SUM(D43:E45) -> 0 | G47: Totalt Grupp F | H47: =SUM(H43:I45) -> 0 | K47: Totalt Grupp G | L47: =SUM(L43:M45) -> 0 | O47: Totalt Grupp H | P47: =SUM(P43:Q45) -> 0
C50: Slutspelet - Ditt tips
C84: Slutspelet | D84: Placering | G84: Målskyttar | K84: Röda kortet | O84: Straffen
C85: Moment | D85: # Rätt | E85: Poäng
C86: Åttondel | D86: =COUNTIF(Rätta!$E$132:$E$147,Rätta!$A$106) -> 0 | E86: =Rätta!E149+Rätta!J149 -> 0 | G86: =Tippa!P66 -> Mbappé | H86: << 1:a Skytteliga | K86: =Tippa!P52 -> Tunisien | O86: =Tippa!P59 -> Qatar
C87: Kvartsfinal | D87: =COUNTIF(Rätta!$E$156:$E$163,Rätta!A83) -> 0 | E87: =Rätta!E165+Rätta!J165 -> 0 | G87: =Tippa!P67 -> Messi | H87: << Skytteliga | K87: Poäng | L87: =Rätta!E214 -> 0 | O87: Poäng | P87: =Rätta!E221 -> 0
C88: Semifinal | D88: =COUNTIF(Rätta!E172:E175,Rätta!A86) -> 0 | E88: =Rätta!E177+Rätta!J177 -> 0 | G88: =Tippa!P68 -> Kane | H88: << Skytteliga
C89: Placeringar | D89: =COUNTIF(Rätta!E184:E187,SUM(Rätta!A89:A90)) -> 0 | E89: =Rätta!E189+Rätta!J189 -> 0 | G89: Poäng | H89: =Rätta!E200 -> 0
G91: =Tippa!P45 -> Valencia | H91: << Första målskytt
G92: Poäng | H92: =Rätta!E207 -> 0
C95: Slut

Sheet Beräkningar
AF2: Tabeller
B3: Spelschema | N3: Fyll u grupperna | P3: Poäng | Q3: + mål | R3: - mål | S3: +- mål | T3: Ranking 1 | U3: Ranking 2 | V3: Ranking 3 | W3: Ranking random | X3: Ranking 2 | AA3: Ranking 3 | AD3: Slutrank | AF3: Placering | AG3: Lag | AH3: Poäng | AI3: +- mål | AJ3: + mål | AL3: Kontroll | AM3: Plac | AN3: Kod | AO3: Ditt tips
B4: Sön 20/11 | C4: 0.70833333 | D4: A1-A2 | E4: =LEFT(D4,2) -> A1 | F4: =RIGHT(D4,2) -> A2 | G4: =INDEX($N$4:$N$42,MATCH(E4,$M$4:$M$42,0)) -> Qatar | H4: =INDEX($N$4:$N$42,MATCH(F4,$M$4:$M$42,0)) -> Ecuador | I4: =LEFT(D4,1) -> A | J4: =COUNTIF($I$4:I4,I4) -> 1 | K4: =I4&J4 -> A1 | M4: A1 | N4: Qatar | P4: =SUMIF($AR$5:$AR$10,N4,$AV$5:$AV$10)+SUMIF($AS$5:$AS$10,N4,$AW$5:$AW$10) -> 1 | Q4: =SUMIF($AR$5:$AR$10,N4,$AT$5:$AT$10)+SUMIF($AS$5:$AS$10,N4,$AU$5:$AU$10) -> 1 | R4: =-SUMIF($AR$5:$AR$10,N4,$AU$5:$AU$10)-SUMIF($AS$5:$AS$10,N4,$AT$5:$AT$10) -> -6 | S4: =SUM(Q4:R4) -> -5 | T4: =RANK(P4,$P$4:$P$7,0) -> 3 | U4: =RANK(S4,$S$4:$S$7,0) -> 4 | V4: =RANK(Q4,$Q$4:$Q$7,0) -> 3 | W4: 0.001 | X4: =IF(COUNTIF($T$4:$T$7,T4)>1,U4,0) -> 4 | Y4: =IF(X4=MAX($X$4:$X$7),0.2,0) -> 0.2 | Z4: =Y4+T4 -> 3.2 | AA4: =IF(COUNTIF($Z$4:$Z$7,Z4)>1,V4,0) -> 0 | AB4: =IF(AA4=MAX($AA$4:$AA$7),0.1,0) -> 0.1 | AC4: =Z4+AB4+W4 -> 3.301 | AD4: =_xlfn.RANK.EQ(AC4,$AC$4:$AC$7,1) -> 4 | AF4: 1 | AG4: =INDEX($N$4:$N$7,MATCH($AF4,$AD$4:$AD$7,0),) -> Nederländerna | AH4: =INDEX($P$4:$P$7,MATCH($AF4,$AD$4:$AD$7,0),) -> 9 | AI4: =INDEX($S$4:$S$7,MATCH($AF4,$AD$4:$AD$7,0),) -> 6 | AJ4: =INDEX($Q$4:$Q$7,MATCH($AF4,$AD$4:$AD$7,0),) -> 6 | AL4: =COUNTIF(Tippa!$J$23:$J$26,Beräkningar!AF4) -> 1 | AM4: =Tippa!J23 -> 1 | AN4: =AM4&"A" -> 1A | AO4: =INDEX(AM4:AM7,MATCH(N4,AG4:AG7,0),) -> 4 | AQ4: Grupp A | AT4: Resultat | AV4: Poäng | AY4: Hur bör man ranka lagen | AZ4: Vad gör vi?
B5: Mån 21/11 | C5: 0.70833333 | D5: A3-A4 | E5: =LEFT(D5,2) -> A3 | F5: =RIGHT(D5,2) -> A4 | G5: =INDEX($N$4:$N$42,MATCH(E5,$M$4:$M$42,0)) -> Senegal | H5: =INDEX($N$4:$N$42,MATCH(F5,$M$4:$M$42,0)) -> Nederländerna | I5: =LEFT(D5,1) -> A | J5: =COUNTIF($I$4:I5,I5) -> 2 | K5: =I5&J5 -> A2 | M5: A2 | N5: Ecuador | P5: =SUMIF($AR$5:$AR$10,N5,$AV$5:$AV$10)+SUMIF($AS$5:$AS$10,N5,$AW$5:$AW$10) -> 1 | Q5: =SUMIF($AR$5:$AR$10,N5,$AT$5:$AT$10)+SUMIF($AS$5:$AS$10,N5,$AU$5:$AU$10) -> 1 | R5: =-SUMIF($AR$5:$AR$10,N5,$AU$5:$AU$10)-SUMIF($AS$5:$AS$10,N5,$AT$5:$AT$10) -> -3 | S5: =SUM(Q5:R5) -> -2 | T5: =RANK(P5,$P$4:$P$7,0) -> 3 | U5: =RANK(S5,$S$4:$S$7,0) -> 3 | V5: =RANK(Q5,$Q$4:$Q$7,0) -> 3 | W5: =W4+0.001 -> 0.002 | X5: =IF(COUNTIF($T$4:$T$7,T5)>1,U5,0) -> 3 | Y5: =IF(X5=MAX($X$4:$X$7),0.2,0) -> 0 | Z5: =Y5+T5 -> 3 | AA5: =IF(COUNTIF($Z$4:$Z$7,Z5)>1,V5,0) -> 0 | AB5: =IF(AA5=MAX($AA$4:$AA$7),0.1,0) -> 0.1 | AC5: =Z5+AB5+W5 -> 3.102 | AD5: =_xlfn.RANK.EQ(AC5,$AC$4:$AC$7,1) -> 3 | AF5: 2 | AG5: =INDEX($N$4:$N$7,MATCH($AF5,$AD$4:$AD$7,0),) -> Senegal | AH5: =INDEX($P$4:$P$7,MATCH($AF5,$AD$4:$AD$7,0),) -> 6 | AI5: =INDEX($S$4:$S$7,MATCH($AF5,$AD$4:$AD$7,0),) -> 1 | AJ5: =INDEX($Q$4:$Q$7,MATCH($AF5,$AD$4:$AD$7,0),) -> 3 | AL5: =COUNTIF(Tippa!$J$23:$J$26,Beräkningar!AF5) -> 1 | AM5: =Tippa!J24 -> 2 | AN5: =AM5&"A" -> 2A | AO5: =INDEX(AM4:AM7,MATCH(N5,AG4:AG7,0),) -> 3 | AP5: =Tippa!A23 -> A1 | AQ5: =Tippa!C23 -> Qatar - Ecuador | AR5: =INDEX($G$4:$G$51,MATCH(AP5,$K$4:$K$51,0),) -> Qatar | AS5: =INDEX($H$4:$H$51,MATCH(AP5,$K$4:$K$51,0),) -> Ecuador | AT5: =Tippa!G23 -> 1 | AU5: =Tippa!H23 -> 1 | AV5: =IF(AT5="-",0,IF(AT5>AU5,3,IF(AT5=AU5,1,0))) -> 1 | AW5: =IF(AT5="-",0,IF(AU5>AT5,3,IF(AU5=AT5,1,0))) -> 1 | AY5: 1. Poängen i alla gruppmatcher, med 3 poäng vid vinst, 1 poäng vid oavgjort och 0 poäng vid förlust. | AZ5: OK
B6: Mån 21/11 | C6: 0.83333333 | D6: B3-B4 | E6: =LEFT(D6,2) -> B3 | F6: =RIGHT(D6,2) -> B4 | G6: =INDEX($N$4:$N$42,MATCH(E6,$M$4:$M$42,0)) -> USA | H6: =INDEX($N$4:$N$42,MATCH(F6,$M$4:$M$42,0)) -> Wales | I6: =LEFT(D6,1) -> B | J6: =COUNTIF($I$4:I6,I6) -> 1 | K6: =I6&J6 -> B1 | M6: A3 | N6: Senegal | P6: =SUMIF($AR$5:$AR$10,N6,$AV$5:$AV$10)+SUMIF($AS$5:$AS$10,N6,$AW$5:$AW$10) -> 6 | Q6: =SUMIF($AR$5:$AR$10,N6,$AT$5:$AT$10)+SUMIF($AS$5:$AS$10,N6,$AU$5:$AU$10) -> 3 | R6: =-SUMIF($AR$5:$AR$10,N6,$AU$5:$AU$10)-SUMIF($AS$5:$AS$10,N6,$AT$5:$AT$10) -> -2 | S6: =SUM(Q6:R6) -> 1 | T6: =RANK(P6,$P$4:$P$7,0) -> 2 | U6: =RANK(S6,$S$4:$S$7,0) -> 2 | V6: =RANK(Q6,$Q$4:$Q$7,0) -> 2 | W6: =W5+0.001 -> 0.003 | X6: =IF(COUNTIF($T$4:$T$7,T6)>1,U6,0) -> 0 | Y6: =IF(X6=MAX($X$4:$X$7),0.2,0) -> 0 | Z6: =Y6+T6 -> 2 | AA6: =IF(COUNTIF($Z$4:$Z$7,Z6)>1,V6,0) -> 0 | AB6: =IF(AA6=MAX($AA$4:$AA$7),0.1,0) -> 0.1 | AC6: =Z6+AB6+W6 -> 2.103 | AD6: =_xlfn.RANK.EQ(AC6,$AC$4:$AC$7,1) -> 2 | AF6: 3 | AG6: =INDEX($N$4:$N$7,MATCH($AF6,$AD$4:$AD$7,0),) -> Ecuador | AH6: =INDEX($P$4:$P$7,MATCH($AF6,$AD$4:$AD$7,0),) -> 1 | AI6: =INDEX($S$4:$S$7,MATCH($AF6,$AD$4:$AD$7,0),) -> -2 | AJ6: =INDEX($Q$4:$Q$7,MATCH($AF6,$AD$4:$AD$7,0),) -> 1 | AL6: =COUNTIF(Tippa!$J$23:$J$26,Beräkningar!AF6) -> 1 | AM6: =Tippa!J25 -> 3 | AN6: =AM6&"A" -> 3A | AO6: =INDEX(AM4:AM7,MATCH(N6,AG4:AG7,0),) -> 2 | AP6: =Tippa!A24 -> A2 | AQ6: =Tippa!C24 -> Senegal - Nederländerna | AR6: =INDEX($G$4:$G$51,MATCH(AP6,$K$4:$K$51,0),) -> Senegal | AS6: =INDEX($H$4:$H$51,MATCH(AP6,$K$4:$K$51,0),) -> Nederländerna | AT6: =Tippa!G24 -> 0 | AU6: =Tippa!H24 -> 2 | AV6: =IF(AT6="-",0,IF(AT6>AU6,3,IF(AT6=AU6,1,0))) -> 0 | AW6: =IF(AT6="-",0,IF(AU6>AT6,3,IF(AU6=AT6,1,0))) -> 3 | AY6: 2. Målskillnad i alla gruppmatcher | AZ6: OK
B7: Mån 21/11 | C7: 0.58333333 | D7: B1-B2 | E7: =LEFT(D7,2) -> B1 | F7: =RIGHT(D7,2) -> B2 | G7: =INDEX($N$4:$N$42,MATCH(E7,$M$4:$M$42,0)) -> England | H7: =INDEX($N$4:$N$42,MATCH(F7,$M$4:$M$42,0)) -> Iran | I7: =LEFT(D7,1) -> B | J7: =COUNTIF($I$4:I7,I7) -> 2 | K7: =I7&J7 -> B2 | M7: A4 | N7: Nederländerna | P7: =SUMIF($AR$5:$AR$10,N7,$AV$5:$AV$10)+SUMIF($AS$5:$AS$10,N7,$AW$5:$AW$10) -> 9 | Q7: =SUMIF($AR$5:$AR$10,N7,$AT$5:$AT$10)+SUMIF($AS$5:$AS$10,N7,$AU$5:$AU$10) -> 6 | R7: =-SUMIF($AR$5:$AR$10,N7,$AU$5:$AU$10)-SUMIF($AS$5:$AS$10,N7,$AT$5:$AT$10) -> 0 | S7: =SUM(Q7:R7) -> 6 | T7: =RANK(P7,$P$4:$P$7,0) -> 1 | U7: =RANK(S7,$S$4:$S$7,0) -> 1 | V7: =RANK(Q7,$Q$4:$Q$7,0) -> 1 | W7: =W6+0.001 -> 0.004 | X7: =IF(COUNTIF($T$4:$T$7,T7)>1,U7,0) -> 0 | Y7: =IF(X7=MAX($X$4:$X$7),0.2,0) -> 0 | Z7: =Y7+T7 -> 1 | AA7: =IF(COUNTIF($Z$4:$Z$7,Z7)>1,V7,0) -> 0 | AB7: =IF(AA7=MAX($AA$4:$AA$7),0.1,0) -> 0.1 | AC7: =Z7+AB7+W7 -> 1.104 | AD7: =_xlfn.RANK.EQ(AC7,$AC$4:$AC$7,1) -> 1 | AF7: 4 | AG7: =INDEX($N$4:$N$7,MATCH($AF7,$AD$4:$AD$7,0),) -> Qatar | AH7: =INDEX($P$4:$P$7,MATCH($AF7,$AD$4:$AD$7,0),) -> 1 | AI7: =INDEX($S$4:$S$7,MATCH($AF7,$AD$4:$AD$7,0),) -> -5 | AJ7: =INDEX($Q$4:$Q$7,MATCH($AF7,$AD$4:$AD$7,0),) -> 1 | AL7: =COUNTIF(Tippa!$J$23:$J$26,Beräkningar!AF7) -> 1 | AM7: =Tippa!J26 -> 4 | AN7: =AM7&"A" -> 4A | AO7: =INDEX(AM4:AM7,MATCH(N7,AG4:AG7,0),) -> 1 | AP7: =Tippa!A25 -> A3 | AQ7: =Tippa!C25 -> Qatar - Senegal | AR7: =INDEX($G$4:$G$51,MATCH(AP7,$K$4:$K$51,0),) -> Qatar | AS7: =INDEX($H$4:$H$51,MATCH(AP7,$K$4:$K$51,0),) -> Senegal | AT7: =Tippa!G25 -> 0 | AU7: =Tippa!H25 -> 2 | AV7: =IF(AT7="-",0,IF(AT7>AU7,3,IF(AT7=AU7,1,0))) -> 0 | AW7: =IF(AT7="-",0,IF(AU7>AT7,3,IF(AU7=AT7,1,0))) -> 3 | AY7: 3. Gjorda mål i alla gruppmatcher | AZ7: OK
B8: Tis 22/11 | C8: 0.45833333 | D8: C1-C2 | E8: =LEFT(D8,2) -> C1 | F8: =RIGHT(D8,2) -> C2 | G8: =INDEX($N$4:$N$42,MATCH(E8,$M$4:$M$42,0)) -> Argentina | H8: =INDEX($N$4:$N$42,MATCH(F8,$M$4:$M$42,0)) -> Saudiarabien | I8: =LEFT(D8,1) -> C | J8: =COUNTIF($I$4:I8,I8) -> 1 | K8: =I8&J8 -> C1 | AP8: =Tippa!A26 -> A4 | AQ8: =Tippa!C26 -> Nederländerna - Ecuador | AR8: =INDEX($G$4:$G$51,MATCH(AP8,$K$4:$K$51,0),) -> Nederländerna | AS8: =INDEX($H$4:$H$51,MATCH(AP8,$K$4:$K$51,0),) -> Ecuador | AT8: =Tippa!G26 -> 1 | AU8: =Tippa!H26 -> 0 | AV8: =IF(AT8="-",0,IF(AT8>AU8,3,IF(AT8=AU8,1,0))) -> 3 | AW8: =IF(AT8="-",0,IF(AU8>AT8,3,IF(AU8=AT8,1,0))) -> 0 | AY8: 4. Poäng i matcherna mellan likaplacerade lag | AZ8: EJ OK | BA8: Random härifrån och ned
B9: Tis 22/11 | C9: 0.83333333 | D9: D1-D2 | E9: =LEFT(D9,2) -> D1 | F9: =RIGHT(D9,2) -> D2 | G9: =INDEX($N$4:$N$42,MATCH(E9,$M$4:$M$42,0)) -> Frankrike | H9: =INDEX($N$4:$N$42,MATCH(F9,$M$4:$M$42,0)) -> Australien | I9: =LEFT(D9,1) -> D | J9: =COUNTIF($I$4:I9,I9) -> 1 | K9: =I9&J9 -> D1 | M9: B1 | N9: England | P9: =SUMIF($AR$13:$AR$18,N9,$AV$13:$AV$18)+SUMIF($AS$13:$AS$18,N9,$AW$13:$AW$18) -> 5 | Q9: =SUMIF($AR$13:$AR$18,N9,$AT$13:$AT$18)+SUMIF($AS$13:$AS$18,N9,$AU$13:$AU$18) -> 7 | R9: =-SUMIF($AR$13:$AR$18,N9,$AU$13:$AU$18)-SUMIF($AS$13:$AS$18,N9,$AT$13:$AT$18) -> -3 | S9: =SUM(Q9:R9) -> 4 | T9: =RANK(P9,$P$9:$P$12,0) -> 1 | U9: =RANK(S9,$S$9:$S$12,0) -> 1 | V9: =RANK(Q9,$Q$9:$Q$12,0) -> 1 | W9: 0.001 | X9: =IF(COUNTIF($T$9:$T$12,T9)>1,U9,0) -> 1 | Y9: =IF(X9=MAX($X$9:$X$12),0.2,0) -> 0 | Z9: =Y9+T9 -> 1 | AA9: =IF(COUNTIF($Z$9:$Z$12,Z9)>1,V9,0) -> 0 | AB9: =IF(AA9=MAX($AA$9:$AA$12),0.1,0) -> 0 | AC9: =Z9+AB9+W9 -> 1.001 | AD9: =_xlfn.RANK.EQ(AC9,$AC$9:$AC$12,1) -> 1 | AF9: 1 | AG9: =INDEX($N$9:$N$12,MATCH($AF9,$AD$9:$AD$12,0),) -> England | AH9: =INDEX($P$9:$P$12,MATCH($AF9,$AD$9:$AD$12,0),) -> 5 | AI9: =INDEX($S$9:$S$12,MATCH($AF9,$AD$9:$AD$12,0),) -> 4 | AJ9: =INDEX($Q$9:$Q$12,MATCH($AF9,$AD$9:$AD$12,0),) -> 7 | AL9: =COUNTIF(Tippa!$J$34:$J$37,Beräkningar!AF9) -> 1 | AM9: =Tippa!J34 -> 1 | AN9: =AM9&"B" -> 1B | AO9: =INDEX(AM9:AM12,MATCH(N9,AG9:AG12,0),) -> 1 | AP9: =Tippa!A27 -> A5 | AQ9: =Tippa!C27 -> Ecuador - Senegal | AR9: =INDEX($G$4:$G$51,MATCH(AP9,$K$4:$K$51,0),) -> Ecuador | AS9: =INDEX($H$4:$H$51,MATCH(AP9,$K$4:$K$51,0),) -> Senegal | AT9: =Tippa!G27 -> 0 | AU9: =Tippa!H27 -> 1 | AV9: =IF(AT9="-",0,IF(AT9>AU9,3,IF(AT9=AU9,1,0))) -> 0 | AW9: =IF(AT9="-",0,IF(AU9>AT9,3,IF(AU9=AT9,1,0))) -> 3 | AY9: 5. Målskillnad i matcherna mellan likaplacerade lag | AZ9: EJ OK
B10: Tis 22/11 | C10: 0.70833333 | D10: C3-C4 | E10: =LEFT(D10,2) -> C3 | F10: =RIGHT(D10,2) -> C4 | G10: =INDEX($N$4:$N$42,MATCH(E10,$M$4:$M$42,0)) -> Mexiko | H10: =INDEX($N$4:$N$42,MATCH(F10,$M$4:$M$42,0)) -> Polen | I10: =LEFT(D10,1) -> C | J10: =COUNTIF($I$4:I10,I10) -> 2 | K10: =I10&J10 -> C2 | M10: B2 | N10: Iran | P10: =SUMIF($AR$13:$AR$18,N10,$AV$13:$AV$18)+SUMIF($AS$13:$AS$18,N10,$AW$13:$AW$18) -> 0 | Q10: =SUMIF($AR$13:$AR$18,N10,$AT$13:$AT$18)+SUMIF($AS$13:$AS$18,N10,$AU$13:$AU$18) -> 1 | R10: =-SUMIF($AR$13:$AR$18,N10,$AU$13:$AU$18)-SUMIF($AS$13:$AS$18,N10,$AT$13:$AT$18) -> -9 | S10: =SUM(Q10:R10) -> -8 | T10: =RANK(P10,$P$9:$P$12,0) -> 4 | U10: =RANK(S10,$S$9:$S$12,0) -> 4 | V10: =RANK(Q10,$Q$9:$Q$12,0) -> 4 | W10: =W9+0.001 -> 0.002 | X10: =IF(COUNTIF($T$9:$T$12,T10)>1,U10,0) -> 0 | Y10: =IF(X10=MAX($X$9:$X$12),0.2,0) -> 0 | Z10: =Y10+T10 -> 4 | AA10: =IF(COUNTIF($Z$9:$Z$12,Z10)>1,V10,0) -> 0 | AB10: =IF(AA10=MAX($AA$9:$AA$12),0.1,0) -> 0 | AC10: =Z10+AB10+W10 -> 4.002 | AD10: =_xlfn.RANK.EQ(AC10,$AC$9:$AC$12,1) -> 4 | AF10: 2 | AG10: =INDEX($N$9:$N$12,MATCH($AF10,$AD$9:$AD$12,0),) -> USA | AH10: =INDEX($P$9:$P$12,MATCH($AF10,$AD$9:$AD$12,0),) -> 5 | AI10: =INDEX($S$9:$S$12,MATCH($AF10,$AD$9:$AD$12,0),) -> 2 | AJ10: =INDEX($Q$9:$Q$12,MATCH($AF10,$AD$9:$AD$12,0),) -> 6 | AL10: =COUNTIF(Tippa!$J$34:$J$37,Beräkningar!AF10) -> 1 | AM10: =Tippa!J35 -> 2 | AN10: =AM10&"B" -> 2B | AO10: =INDEX(AM9:AM12,MATCH(N10,AG9:AG12,0),) -> 4 | AP10: =Tippa!A28 -> A6 | AQ10: =Tippa!C28 -> Nederländerna - Qatar | AR10: =INDEX($G$4:$G$51,MATCH(AP10,$K$4:$K$51,0),) -> Nederländerna | AS10: =INDEX($H$4:$H$51,MATCH(AP10,$K$4:$K$51,0),) -> Qatar | AT10: =Tippa!G28 -> 3 | AU10: =Tippa!H28 -> 0 | AV10: =IF(AT10="-",0,IF(AT10>AU10,3,IF(AT10=AU10,1,0))) -> 3 | AW10: =IF(AT10="-",0,IF(AU10>AT10,3,IF(AU10=AT10,1,0))) -> 0 | AY10: 6. Gjorda mål i matcherna mellan likaplacerade lag | AZ10: EJ OK
B11: Tis 22/11 | C11: 0.58333333 | D11: D3-D4 | E11: =LEFT(D11,2) -> D3 | F11: =RIGHT(D11,2) -> D4 | G11: =INDEX($N$4:$N$42,MATCH(E11,$M$4:$M$42,0)) -> Danmark | H11: =INDEX($N$4:$N$42,MATCH(F11,$M$4:$M$42,0)) -> Tunisien | I11: =LEFT(D11,1) -> D | J11: =COUNTIF($I$4:I11,I11) -> 2 | K11: =I11&J11 -> D2 | M11: B3 | N11: USA | P11: =SUMIF($AR$13:$AR$18,N11,$AV$13:$AV$18)+SUMIF($AS$13:$AS$18,N11,$AW$13:$AW$18) -> 5 | Q11: =SUMIF($AR$13:$AR$18,N11,$AT$13:$AT$18)+SUMIF($AS$13:$AS$18,N11,$AU$13:$AU$18) -> 6 | R11: =-SUMIF($AR$13:$AR$18,N11,$AU$13:$AU$18)-SUMIF($AS$13:$AS$18,N11,$AT$13:$AT$18) -> -4 | S11: =SUM(Q11:R11) -> 2 | T11: =RANK(P11,$P$9:$P$12,0) -> 1 | U11: =RANK(S11,$S$9:$S$12,0) -> 2 | V11: =RANK(Q11,$Q$9:$Q$12,0) -> 2 | W11: =W10+0.001 -> 0.003 | X11: =IF(COUNTIF($T$9:$T$12,T11)>1,U11,0) -> 2 | Y11: =IF(X11=MAX($X$9:$X$12),0.2,0) -> 0.2 | Z11: =Y11+T11 -> 1.2 | AA11: =IF(COUNTIF($Z$9:$Z$12,Z11)>1,V11,0) -> 2 | AB11: =IF(AA11=MAX($AA$9:$AA$12),0.1,0) -> 0 | AC11: =Z11+AB11+W11 -> 1.203 | AD11: =_xlfn.RANK.EQ(AC11,$AC$9:$AC$12,1) -> 2 | AF11: 3 | AG11: =INDEX($N$9:$N$12,MATCH($AF11,$AD$9:$AD$12,0),) -> Wales | AH11: =INDEX($P$9:$P$12,MATCH($AF11,$AD$9:$AD$12,0),) -> 5 | AI11: =INDEX($S$9:$S$12,MATCH($AF11,$AD$9:$AD$12,0),) -> 2 | AJ11: =INDEX($Q$9:$Q$12,MATCH($AF11,$AD$9:$AD$12,0),) -> 4 | AL11: =COUNTIF(Tippa!$J$34:$J$37,Beräkningar!AF11) -> 1 | AM11: =Tippa!J36 -> 3 | AN11: =AM11&"B" -> 3B | AO11: =INDEX(AM9:AM12,MATCH(N11,AG9:AG12,0),) -> 2 | AY11: 7. Fair play-poäng | AZ11: EJ OK
B12: Ons 23/11 | C12: 0.58333333 | D12: E3-E4 | E12: =LEFT(D12,2) -> E3 | F12: =RIGHT(D12,2) -> E4 | G12: =INDEX($N$4:$N$42,MATCH(E12,$M$4:$M$42,0)) -> Tyskland | H12: =INDEX($N$4:$N$42,MATCH(F12,$M$4:$M$42,0)) -> Japan | I12: =LEFT(D12,1) -> E | J12: =COUNTIF($I$4:I12,I12) -> 1 | K12: =I12&J12 -> E1 | M12: B4 | N12: Wales | P12: =SUMIF($AR$13:$AR$18,N12,$AV$13:$AV$18)+SUMIF($AS$13:$AS$18,N12,$AW$13:$AW$18) -> 5 | Q12: =SUMIF($AR$13:$AR$18,N12,$AT$13:$AT$18)+SUMIF($AS$13:$AS$18,N12,$AU$13:$AU$18) -> 4 | R12: =-SUMIF($AR$13:$AR$18,N12,$AU$13:$AU$18)-SUMIF($AS$13:$AS$18,N12,$AT$13:$AT$18) -> -2 | S12: =SUM(Q12:R12) -> 2 | T12: =RANK(P12,$P$9:$P$12,0) -> 1 | U12: =RANK(S12,$S$9:$S$12,0) -> 2 | V12: =RANK(Q12,$Q$9:$Q$12,0) -> 3 | W12: =W11+0.001 -> 0.004 | X12: =IF(COUNTIF($T$9:$T$12,T12)>1,U12,0) -> 2 | Y12: =IF(X12=MAX($X$9:$X$12),0.2,0) -> 0.2 | Z12: =Y12+T12 -> 1.2 | AA12: =IF(COUNTIF($Z$9:$Z$12,Z12)>1,V12,0) -> 3 | AB12: =IF(AA12=MAX($AA$9:$AA$12),0.1,0) -> 0.1 | AC12: =Z12+AB12+W12 -> 1.304 | AD12: =_xlfn.RANK.EQ(AC12,$AC$9:$AC$12,1) -> 3 | AF12: 4 | AG12: =INDEX($N$9:$N$12,MATCH($AF12,$AD$9:$AD$12,0),) -> Iran | AH12: =INDEX($P$9:$P$12,MATCH($AF12,$AD$9:$AD$12,0),) -> 0 | AI12: =INDEX($S$9:$S$12,MATCH($AF12,$AD$9:$AD$12,0),) -> -8 | AJ12: =INDEX($Q$9:$Q$12,MATCH($AF12,$AD$9:$AD$12,0),) -> 1 | AL12: =COUNTIF(Tippa!$J$34:$J$37,Beräkningar!AF12) -> 1 | AM12: =Tippa!J37 -> 4 | AN12: =AM12&"B" -> 4B | AO12: =INDEX(AM9:AM12,MATCH(N12,AG9:AG12,0),) -> 3 | AQ12: Grupp B | AT12: Resultat | AV12: Poäng | AY12: 8. Lottdragning | AZ12: EJ OK
B13: Ons 23/11 | C13: 0.83333333 | D13: F1-F2 | E13: =LEFT(D13,2) -> F1 | F13: =RIGHT(D13,2) -> F2 | G13: =INDEX($N$4:$N$42,MATCH(E13,$M$4:$M$42,0)) -> Belgien | H13: =INDEX($N$4:$N$42,MATCH(F13,$M$4:$M$42,0)) -> Kanada | I13: =LEFT(D13,1) -> F | J13: =COUNTIF($I$4:I13,I13) -> 1 | K13: =I13&J13 -> F1 | AP13: =Tippa!A34 -> B1 | AQ13: =Tippa!C34 -> USA - Wales | AR13: =INDEX($G$4:$G$51,MATCH(AP13,$K$4:$K$51,0),) -> USA | AS13: =INDEX($H$4:$H$51,MATCH(AP13,$K$4:$K$51,0),) -> Wales | AT13: =Tippa!G34 -> 1 | AU13: =Tippa!H34 -> 1 | AV13: =IF(AT13="-",0,IF(AT13>AU13,3,IF(AT13=AU13,1,0))) -> 1 | AW13: =IF(AT13="-",0,IF(AU13>AT13,3,IF(AU13=AT13,1,0))) -> 1
B14: Ons 23/11 | C14: 0.70833333 | D14: E1-E2 | E14: =LEFT(D14,2) -> E1 | F14: =RIGHT(D14,2) -> E2 | G14: =INDEX($N$4:$N$42,MATCH(E14,$M$4:$M$42,0)) -> Spanien | H14: =INDEX($N$4:$N$42,MATCH(F14,$M$4:$M$42,0)) -> Costa Rica | I14: =LEFT(D14,1) -> E | J14: =COUNTIF($I$4:I14,I14) -> 2 | K14: =I14&J14 -> E2 | M14: C1 | N14: Argentina | P14: =SUMIF($AR$21:$AR$26,N14,$AV$21:$AV$26)+SUMIF($AS$21:$AS$26,N14,$AW$21:$AW$26) -> 7 | Q14: =SUMIF($AR$21:$AR$26,N14,$AT$21:$AT$26)+SUMIF($AS$21:$AS$26,N14,$AU$21:$AU$26) -> 8 | R14: =-SUMIF($AR$21:$AR$26,N14,$AU$21:$AU$26)-SUMIF($AS$21:$AS$26,N14,$AT$21:$AT$26) -> -3 | S14: =SUM(Q14:R14) -> 5 | T14: =RANK(P14,$P$14:$P$17,0) -> 1 | U14: =RANK(S14,$S$14:$S$17,0) -> 1 | V14: =RANK(Q14,$Q$14:$Q$17,0) -> 1 | W14: 0.001 | X14: =IF(COUNTIF($T$14:$T$17,T14)>1,U14,0) -> 1 | Y14: =IF(X14=MAX($X$14:$X$17),0.2,0) -> 0 | Z14: =Y14+T14 -> 1 | AA14: =IF(COUNTIF($Z$14:$Z$17,Z14)>1,V14,0) -> 0 | AB14: =IF(AA14=MAX($AA$14:$AA$17),0.1,0) -> 0.1 | AC14: =Z14+AB14+W14 -> 1.101 | AD14: =_xlfn.RANK.EQ(AC14,$AC$14:$AC$17,1) -> 1 | AF14: 1 | AG14: =INDEX($N$14:$N$17,MATCH($AF14,$AD$14:$AD$17,0),) -> Argentina | AH14: =INDEX($P$14:$P$17,MATCH($AF14,$AD$14:$AD$17,0),) -> 7 | AI14: =INDEX($S$14:$S$17,MATCH($AF14,$AD$14:$AD$17,0),) -> 5 | AJ14: =INDEX($Q$14:$Q$17,MATCH($AF14,$AD$14:$AD$17,0),) -> 8 | AL14: =COUNTIF(Tippa!$J$45:$J$48,Beräkningar!AF14) -> 1 | AM14: =Tippa!J45 -> 1 | AN14: =AM14&"C" -> 1C | AO14: =INDEX(AM14:AM17,MATCH(N14,AG14:AG17,0),) -> 1 | AP14: =Tippa!A35 -> B2 | AQ14: =Tippa!C35 -> England - Iran | AR14: =INDEX($G$4:$G$51,MATCH(AP14,$K$4:$K$51,0),) -> England | AS14: =INDEX($H$4:$H$51,MATCH(AP14,$K$4:$K$51,0),) -> Iran | AT14: =Tippa!G35 -> 4 | AU14: =Tippa!H35 -> 0 | AV14: =IF(AT14="-",0,IF(AT14>AU14,3,IF(AT14=AU14,1,0))) -> 3 | AW14: =IF(AT14="-",0,IF(AU14>AT14,3,IF(AU14=AT14,1,0))) -> 0
B15: Ons 23/11 | C15: 0.45833333 | D15: F3-F4 | E15: =LEFT(D15,2) -> F3 | F15: =RIGHT(D15,2) -> F4 | G15: =INDEX($N$4:$N$42,MATCH(E15,$M$4:$M$42,0)) -> Marocko | H15: =INDEX($N$4:$N$42,MATCH(F15,$M$4:$M$42,0)) -> Kroatien | I15: =LEFT(D15,1) -> F | J15: =COUNTIF($I$4:I15,I15) -> 2 | K15: =I15&J15 -> F2 | M15: C2 | N15: Saudiarabien | P15: =SUMIF($AR$21:$AR$26,N15,$AV$21:$AV$26)+SUMIF($AS$21:$AS$26,N15,$AW$21:$AW$26) -> 0 | Q15: =SUMIF($AR$21:$AR$26,N15,$AT$21:$AT$26)+SUMIF($AS$21:$AS$26,N15,$AU$21:$AU$26) -> 0 | R15: =-SUMIF($AR$21:$AR$26,N15,$AU$21:$AU$26)-SUMIF($AS$21:$AS$26,N15,$AT$21:$AT$26) -> -7 | S15: =SUM(Q15:R15) -> -7 | T15: =RANK(P15,$P$14:$P$17,0) -> 4 | U15: =RANK(S15,$S$14:$S$17,0) -> 4 | V15: =RANK(Q15,$Q$14:$Q$17,0) -> 4 | W15: =W14+0.001 -> 0.002 | X15: =IF(COUNTIF($T$14:$T$17,T15)>1,U15,0) -> 0 | Y15: =IF(X15=MAX($X$14:$X$17),0.2,0) -> 0 | Z15: =Y15+T15 -> 4 | AA15: =IF(COUNTIF($Z$14:$Z$17,Z15)>1,V15,0) -> 0 | AB15: =IF(AA15=MAX($AA$14:$AA$17),0.1,0) -> 0.1 | AC15: =Z15+AB15+W15 -> 4.102 | AD15: =_xlfn.RANK.EQ(AC15,$AC$14:$AC$17,1) -> 4 | AF15: 2 | AG15: =INDEX($N$14:$N$17,MATCH($AF15,$AD$14:$AD$17,0),) -> Mexiko | AH15: =INDEX($P$14:$P$17,MATCH($AF15,$AD$14:$AD$17,0),) -> 7 | AI15: =INDEX($S$14:$S$17,MATCH($AF15,$AD$14:$AD$17,0),) -> 3 | AJ15: =INDEX($Q$14:$Q$17,MATCH($AF15,$AD$14:$AD$17,0),) -> 6 | AL15: =COUNTIF(Tippa!$J$45:$J$48,Beräkningar!AF15) -> 1 | AM15: =Tippa!J46 -> 2 | AN15: =AM15&"C" -> 2C | AO15: =INDEX(AM14:AM17,MATCH(N15,AG14:AG17,0),) -> 4 | AP15: =Tippa!A36 -> B3 | AQ15: =Tippa!C36 -> England - USA | AR15: =INDEX($G$4:$G$51,MATCH(AP15,$K$4:$K$51,0),) -> England | AS15: =INDEX($H$4:$H$51,MATCH(AP15,$K$4:$K$51,0),) -> USA | AT15: =Tippa!G36 -> 2 | AU15: =Tippa!H36 -> 2 | AV15: =IF(AT15="-",0,IF(AT15>AU15,3,IF(AT15=AU15,1,0))) -> 1 | AW15: =IF(AT15="-",0,IF(AU15>AT15,3,IF(AU15=AT15,1,0))) -> 1
B16: Tor 24/11 | C16: 0.83333333 | D16: G1-G2 | E16: =LEFT(D16,2) -> G1 | F16: =RIGHT(D16,2) -> G2 | G16: =INDEX($N$4:$N$42,MATCH(E16,$M$4:$M$42,0)) -> Brasilien | H16: =INDEX($N$4:$N$42,MATCH(F16,$M$4:$M$42,0)) -> Serbien | I16: =LEFT(D16,1) -> G | J16: =COUNTIF($I$4:I16,I16) -> 1 | K16: =I16&J16 -> G1 | M16: C3 | N16: Mexiko | P16: =SUMIF($AR$21:$AR$26,N16,$AV$21:$AV$26)+SUMIF($AS$21:$AS$26,N16,$AW$21:$AW$26) -> 7 | Q16: =SUMIF($AR$21:$AR$26,N16,$AT$21:$AT$26)+SUMIF($AS$21:$AS$26,N16,$AU$21:$AU$26) -> 6 | R16: =-SUMIF($AR$21:$AR$26,N16,$AU$21:$AU$26)-SUMIF($AS$21:$AS$26,N16,$AT$21:$AT$26) -> -3 | S16: =SUM(Q16:R16) -> 3 | T16: =RANK(P16,$P$14:$P$17,0) -> 1 | U16: =RANK(S16,$S$14:$S$17,0) -> 2 | V16: =RANK(Q16,$Q$14:$Q$17,0) -> 2 | W16: =W15+0.001 -> 0.003 | X16: =IF(COUNTIF($T$14:$T$17,T16)>1,U16,0) -> 2 | Y16: =IF(X16=MAX($X$14:$X$17),0.2,0) -> 0.2 | Z16: =Y16+T16 -> 1.2 | AA16: =IF(COUNTIF($Z$14:$Z$17,Z16)>1,V16,0) -> 0 | AB16: =IF(AA16=MAX($AA$14:$AA$17),0.1,0) -> 0.1 | AC16: =Z16+AB16+W16 -> 1.303 | AD16: =_xlfn.RANK.EQ(AC16,$AC$14:$AC$17,1) -> 2 | AF16: 3 | AG16: =INDEX($N$14:$N$17,MATCH($AF16,$AD$14:$AD$17,0),) -> Polen | AH16: =INDEX($P$14:$P$17,MATCH($AF16,$AD$14:$AD$17,0),) -> 3 | AI16: =INDEX($S$14:$S$17,MATCH($AF16,$AD$14:$AD$17,0),) -> -1 | AJ16: =INDEX($Q$14:$Q$17,MATCH($AF16,$AD$14:$AD$17,0),) -> 3 | AL16: =COUNTIF(Tippa!$J$45:$J$48,Beräkningar!AF16) -> 1 | AM16: =Tippa!J47 -> 3 | AN16: =AM16&"C" -> 3C | AO16: =INDEX(AM14:AM17,MATCH(N16,AG14:AG17,0),) -> 2 | AP16: =Tippa!A37 -> B4 | AQ16: =Tippa!C37 -> Wales - Iran | AR16: =INDEX($G$4:$G$51,MATCH(AP16,$K$4:$K$51,0),) -> Wales | AS16: =INDEX($H$4:$H$51,MATCH(AP16,$K$4:$K$51,0),) -> Iran | AT16: =Tippa!G37 -> 2 | AU16: =Tippa!H37 -> 0 | AV16: =IF(AT16="-",0,IF(AT16>AU16,3,IF(AT16=AU16,1,0))) -> 3 | AW16: =IF(AT16="-",0,IF(AU16>AT16,3,IF(AU16=AT16,1,0))) -> 0
B17: Tor 24/11 | C17: 0.45833333 | D17: G3-G4 | E17: =LEFT(D17,2) -> G3 | F17: =RIGHT(D17,2) -> G4 | G17: =INDEX($N$4:$N$42,MATCH(E17,$M$4:$M$42,0)) -> Schweiz | H17: =INDEX($N$4:$N$42,MATCH(F17,$M$4:$M$42,0)) -> Kamerun | I17: =LEFT(D17,1) -> G | J17: =COUNTIF($I$4:I17,I17) -> 2 | K17: =I17&J17 -> G2 | M17: C4 | N17: Polen | P17: =SUMIF($AR$21:$AR$26,N17,$AV$21:$AV$26)+SUMIF($AS$21:$AS$26,N17,$AW$21:$AW$26) -> 3 | Q17: =SUMIF($AR$21:$AR$26,N17,$AT$21:$AT$26)+SUMIF($AS$21:$AS$26,N17,$AU$21:$AU$26) -> 3 | R17: =-SUMIF($AR$21:$AR$26,N17,$AU$21:$AU$26)-SUMIF($AS$21:$AS$26,N17,$AT$21:$AT$26) -> -4 | S17: =SUM(Q17:R17) -> -1 | T17: =RANK(P17,$P$14:$P$17,0) -> 3 | U17: =RANK(S17,$S$14:$S$17,0) -> 3 | V17: =RANK(Q17,$Q$14:$Q$17,0) -> 3 | W17: =W16+0.001 -> 0.004 | X17: =IF(COUNTIF($T$14:$T$17,T17)>1,U17,0) -> 0 | Y17: =IF(X17=MAX($X$14:$X$17),0.2,0) -> 0 | Z17: =Y17+T17 -> 3 | AA17: =IF(COUNTIF($Z$14:$Z$17,Z17)>1,V17,0) -> 0 | AB17: =IF(AA17=MAX($AA$14:$AA$17),0.1,0) -> 0.1 | AC17: =Z17+AB17+W17 -> 3.104 | AD17: =_xlfn.RANK.EQ(AC17,$AC$14:$AC$17,1) -> 3 | AF17: 4 | AG17: =INDEX($N$14:$N$17,MATCH($AF17,$AD$14:$AD$17,0),) -> Saudiarabien | AH17: =INDEX($P$14:$P$17,MATCH($AF17,$AD$14:$AD$17,0),) -> 0 | AI17: =INDEX($S$14:$S$17,MATCH($AF17,$AD$14:$AD$17,0),) -> -7 | AJ17: =INDEX($Q$14:$Q$17,MATCH($AF17,$AD$14:$AD$17,0),) -> 0 | AL17: =COUNTIF(Tippa!$J$45:$J$48,Beräkningar!AF17) -> 1 | AM17: =Tippa!J48 -> 4 | AN17: =AM17&"C" -> 4C | AO17: =INDEX(AM14:AM17,MATCH(N17,AG14:AG17,0),) -> 3 | AP17: =Tippa!A38 -> B5 | AQ17: =Tippa!C38 -> Iran - USA | AR17: =INDEX($G$4:$G$51,MATCH(AP17,$K$4:$K$51,0),) -> Iran | AS17: =INDEX($H$4:$H$51,MATCH(AP17,$K$4:$K$51,0),) -> USA | AT17: =Tippa!G38 -> 1 | AU17: =Tippa!H38 -> 3 | AV17: =IF(AT17="-",0,IF(AT17>AU17,3,IF(AT17=AU17,1,0))) -> 0 | AW17: =IF(AT17="-",0,IF(AU17>AT17,3,IF(AU17=AT17,1,0))) -> 3
B18: Tor 24/11 | C18: 0.70833333 | D18: H1-H2 | E18: =LEFT(D18,2) -> H1 | F18: =RIGHT(D18,2) -> H2 | G18: =INDEX($N$4:$N$42,MATCH(E18,$M$4:$M$42,0)) -> Portugal | H18: =INDEX($N$4:$N$42,MATCH(F18,$M$4:$M$42,0)) -> Ghana | I18: =LEFT(D18,1) -> H | J18: =COUNTIF($I$4:I18,I18) -> 1 | K18: =I18&J18 -> H1 | AP18: =Tippa!A39 -> B6 | AQ18: =Tippa!C39 -> Wales - England | AR18: =INDEX($G$4:$G$51,MATCH(AP18,$K$4:$K$51,0),) -> Wales | AS18: =INDEX($H$4:$H$51,MATCH(AP18,$K$4:$K$51,0),) -> England | AT18: =Tippa!G39 -> 1 | AU18: =Tippa!H39 -> 1 | AV18: =IF(AT18="-",0,IF(AT18>AU18,3,IF(AT18=AU18,1,0))) -> 1 | AW18: =IF(AT18="-",0,IF(AU18>AT18,3,IF(AU18=AT18,1,0))) -> 1
B19: Tor 24/11 | C19: 0.58333333 | D19: H3-H4 | E19: =LEFT(D19,2) -> H3 | F19: =RIGHT(D19,2) -> H4 | G19: =INDEX($N$4:$N$42,MATCH(E19,$M$4:$M$42,0)) -> Uruguay | H19: =INDEX($N$4:$N$42,MATCH(F19,$M$4:$M$42,0)) -> Sydkorea | I19: =LEFT(D19,1) -> H | J19: =COUNTIF($I$4:I19,I19) -> 2 | K19: =I19&J19 -> H2 | M19: D1 | N19: Frankrike | P19: =SUMIF($AR$29:$AR$34,N19,$AV$29:$AV$34)+SUMIF($AS$29:$AS$34,N19,$AW$29:$AW$34) -> 9 | Q19: =SUMIF($AR$29:$AR$34,N19,$AT$29:$AT$34)+SUMIF($AS$29:$AS$34,N19,$AU$29:$AU$34) -> 7 | R19: =-SUMIF($AR$29:$AR$34,N19,$AU$29:$AU$34)-SUMIF($AS$29:$AS$34,N19,$AT$29:$AT$34) -> 0 | S19: =SUM(Q19:R19) -> 7 | T19: =RANK(P19,$P$19:$P$22,0) -> 1 | U19: =RANK(S19,$S$19:$S$22,0) -> 1 | V19: =RANK(Q19,$Q$19:$Q$22,0) -> 1 | W19: 0.001 | X19: =IF(COUNTIF($T$19:$T$22,T19)>1,U19,0) -> 0 | Y19: =IF(X19=MAX($X$19:$X$22),0.2,0) -> 0 | Z19: =Y19+T19 -> 1 | AA19: =IF(COUNTIF($Z$19:$Z$22,Z19)>1,V19,0) -> 0 | AB19: =IF(AA19=MAX($AA$19:$AA$22),0.1,0) -> 0.1 | AC19: =Z19+AB19+W19 -> 1.101 | AD19: =_xlfn.RANK.EQ(AC19,$AC$19:$AC$22,1) -> 1 | AF19: 1 | AG19: =INDEX($N$19:$N$22,MATCH($AF19,$AD$19:$AD$22,0),) -> Frankrike | AH19: =INDEX($P$19:$P$22,MATCH($AF19,$AD$19:$AD$22,0),) -> 9 | AI19: =INDEX($S$19:$S$22,MATCH($AF19,$AD$19:$AD$22,0),) -> 7 | AJ19: =INDEX($Q$19:$Q$22,MATCH($AF19,$AD$19:$AD$22,0),) -> 7 | AL19: =COUNTIF(Tippa!$J$56:$J$59,Beräkningar!AF19) -> 1 | AM19: =Tippa!J56 -> 1 | AN19: =AM19&"D" -> 1D | AO19: =INDEX(AM19:AM22,MATCH(N19,AG19:AG22,0),) -> 1
B20: Fre 25/11 | C20: 0.58333333 | D20: A1-A3 | E20: =LEFT(D20,2) -> A1 | F20: =RIGHT(D20,2) -> A3 | G20: =INDEX($N$4:$N$42,MATCH(E20,$M$4:$M$42,0)) -> Qatar | H20: =INDEX($N$4:$N$42,MATCH(F20,$M$4:$M$42,0)) -> Senegal | I20: =LEFT(D20,1) -> A | J20: =COUNTIF($I$4:I20,I20) -> 3 | K20: =I20&J20 -> A3 | M20: D2 | N20: Australien | P20: =SUMIF($AR$29:$AR$34,N20,$AV$29:$AV$34)+SUMIF($AS$29:$AS$34,N20,$AW$29:$AW$34) -> 1 | Q20: =SUMIF($AR$29:$AR$34,N20,$AT$29:$AT$34)+SUMIF($AS$29:$AS$34,N20,$AU$29:$AU$34) -> 1 | R20: =-SUMIF($AR$29:$AR$34,N20,$AU$29:$AU$34)-SUMIF($AS$29:$AS$34,N20,$AT$29:$AT$34) -> -8 | S20: =SUM(Q20:R20) -> -7 | T20: =RANK(P20,$P$19:$P$22,0) -> 3 | U20: =RANK(S20,$S$19:$S$22,0) -> 4 | V20: =RANK(Q20,$Q$19:$Q$22,0) -> 4 | W20: =W19+0.001 -> 0.002 | X20: =IF(COUNTIF($T$19:$T$22,T20)>1,U20,0) -> 4 | Y20: =IF(X20=MAX($X$19:$X$22),0.2,0) -> 0.2 | Z20: =Y20+T20 -> 3.2 | AA20: =IF(COUNTIF($Z$19:$Z$22,Z20)>1,V20,0) -> 0 | AB20: =IF(AA20=MAX($AA$19:$AA$22),0.1,0) -> 0.1 | AC20: =Z20+AB20+W20 -> 3.302 | AD20: =_xlfn.RANK.EQ(AC20,$AC$19:$AC$22,1) -> 4 | AF20: 2 | AG20: =INDEX($N$19:$N$22,MATCH($AF20,$AD$19:$AD$22,0),) -> Danmark | AH20: =INDEX($P$19:$P$22,MATCH($AF20,$AD$19:$AD$22,0),) -> 6 | AI20: =INDEX($S$19:$S$22,MATCH($AF20,$AD$19:$AD$22,0),) -> 3 | AJ20: =INDEX($Q$19:$Q$22,MATCH($AF20,$AD$19:$AD$22,0),) -> 5 | AL20: =COUNTIF(Tippa!$J$56:$J$59,Beräkningar!AF20) -> 1 | AM20: =Tippa!J57 -> 2 | AN20: =AM20&"D" -> 2D | AO20: =INDEX(AM19:AM22,MATCH(N20,AG19:AG22,0),) -> 4 | AQ20: Grupp C | AT20: Resultat | AV20: Poäng
B21: Fre 25/11 | C21: 0.83333333 | D21: B1-B3 | E21: =LEFT(D21,2) -> B1 | F21: =RIGHT(D21,2) -> B3 | G21: =INDEX($N$4:$N$42,MATCH(E21,$M$4:$M$42,0)) -> England | H21: =INDEX($N$4:$N$42,MATCH(F21,$M$4:$M$42,0)) -> USA | I21: =LEFT(D21,1) -> B | J21: =COUNTIF($I$4:I21,I21) -> 3 | K21: =I21&J21 -> B3 | M21: D3 | N21: Danmark | P21: =SUMIF($AR$29:$AR$34,N21,$AV$29:$AV$34)+SUMIF($AS$29:$AS$34,N21,$AW$29:$AW$34) -> 6 | Q21: =SUMIF($AR$29:$AR$34,N21,$AT$29:$AT$34)+SUMIF($AS$29:$AS$34,N21,$AU$29:$AU$34) -> 5 | R21: =-SUMIF($AR$29:$AR$34,N21,$AU$29:$AU$34)-SUMIF($AS$29:$AS$34,N21,$AT$29:$AT$34) -> -2 | S21: =SUM(Q21:R21) -> 3 | T21: =RANK(P21,$P$19:$P$22,0) -> 2 | U21: =RANK(S21,$S$19:$S$22,0) -> 2 | V21: =RANK(Q21,$Q$19:$Q$22,0) -> 2 | W21: =W20+0.001 -> 0.003 | X21: =IF(COUNTIF($T$19:$T$22,T21)>1,U21,0) -> 0 | Y21: =IF(X21=MAX($X$19:$X$22),0.2,0) -> 0 | Z21: =Y21+T21 -> 2 | AA21: =IF(COUNTIF($Z$19:$Z$22,Z21)>1,V21,0) -> 0 | AB21: =IF(AA21=MAX($AA$19:$AA$22),0.1,0) -> 0.1 | AC21: =Z21+AB21+W21 -> 2.103 | AD21: =_xlfn.RANK.EQ(AC21,$AC$19:$AC$22,1) -> 2 | AF21: 3 | AG21: =INDEX($N$19:$N$22,MATCH($AF21,$AD$19:$AD$22,0),) -> Tunisien | AH21: =INDEX($P$19:$P$22,MATCH($AF21,$AD$19:$AD$22,0),) -> 1 | AI21: =INDEX($S$19:$S$22,MATCH($AF21,$AD$19:$AD$22,0),) -> -3 | AJ21: =INDEX($Q$19:$Q$22,MATCH($AF21,$AD$19:$AD$22,0),) -> 2 | AL21: =COUNTIF(Tippa!$J$56:$J$59,Beräkningar!AF21) -> 1 | AM21: =Tippa!J58 -> 3 | AN21: =AM21&"D" -> 3D | AO21: =INDEX(AM19:AM22,MATCH(N21,AG19:AG22,0),) -> 2 | AP21: =Tippa!A45 -> C1 | AQ21: =Tippa!C45 -> Argentina - Saudiarabien | AR21: =INDEX($G$4:$G$51,MATCH(AP21,$K$4:$K$51,0),) -> Argentina | AS21: =INDEX($H$4:$H$51,MATCH(AP21,$K$4:$K$51,0),) -> Saudiarabien | AT21: =Tippa!G45 -> 4 | AU21: =Tippa!H45 -> 0 | AV21: =IF(AT21="-",0,IF(AT21>AU21,3,IF(AT21=AU21,1,0))) -> 3 | AW21: =IF(AT21="-",0,IF(AU21>AT21,3,IF(AU21=AT21,1,0))) -> 0
B22: Fre 25/11 | C22: 0.70833333 | D22: A4-A2 | E22: =LEFT(D22,2) -> A4 | F22: =RIGHT(D22,2) -> A2 | G22: =INDEX($N$4:$N$42,MATCH(E22,$M$4:$M$42,0)) -> Nederländerna | H22: =INDEX($N$4:$N$42,MATCH(F22,$M$4:$M$42,0)) -> Ecuador | I22: =LEFT(D22,1) -> A | J22: =COUNTIF($I$4:I22,I22) -> 4 | K22: =I22&J22 -> A4 | M22: D4 | N22: Tunisien | P22: =SUMIF($AR$29:$AR$34,N22,$AV$29:$AV$34)+SUMIF($AS$29:$AS$34,N22,$AW$29:$AW$34) -> 1 | Q22: =SUMIF($AR$29:$AR$34,N22,$AT$29:$AT$34)+SUMIF($AS$29:$AS$34,N22,$AU$29:$AU$34) -> 2 | R22: =-SUMIF($AR$29:$AR$34,N22,$AU$29:$AU$34)-SUMIF($AS$29:$AS$34,N22,$AT$29:$AT$34) -> -5 | S22: =SUM(Q22:R22) -> -3 | T22: =RANK(P22,$P$19:$P$22,0) -> 3 | U22: =RANK(S22,$S$19:$S$22,0) -> 3 | V22: =RANK(Q22,$Q$19:$Q$22,0) -> 3 | W22: =W21+0.001 -> 0.004 | X22: =IF(COUNTIF($T$19:$T$22,T22)>1,U22,0) -> 3 | Y22: =IF(X22=MAX($X$19:$X$22),0.2,0) -> 0 | Z22: =Y22+T22 -> 3 | AA22: =IF(COUNTIF($Z$19:$Z$22,Z22)>1,V22,0) -> 0 | AB22: =IF(AA22=MAX($AA$19:$AA$22),0.1,0) -> 0.1 | AC22: =Z22+AB22+W22 -> 3.104 | AD22: =_xlfn.RANK.EQ(AC22,$AC$19:$AC$22,1) -> 3 | AF22: 4 | AG22: =INDEX($N$19:$N$22,MATCH($AF22,$AD$19:$AD$22,0),) -> Australien | AH22: =INDEX($P$19:$P$22,MATCH($AF22,$AD$19:$AD$22,0),) -> 1 | AI22: =INDEX($S$19:$S$22,MATCH($AF22,$AD$19:$AD$22,0),) -> -7 | AJ22: =INDEX($Q$19:$Q$22,MATCH($AF22,$AD$19:$AD$22,0),) -> 1 | AL22: =COUNTIF(Tippa!$J$56:$J$59,Beräkningar!AF22) -> 1 | AM22: =Tippa!J59 -> 4 | AN22: =AM22&"D" -> 4D | AO22: =INDEX(AM19:AM22,MATCH(N22,AG19:AG22,0),) -> 3 | AP22: =Tippa!A46 -> C2 | AQ22: =Tippa!C46 -> Mexiko - Polen | AR22: =INDEX($G$4:$G$51,MATCH(AP22,$K$4:$K$51,0),) -> Mexiko | AS22: =INDEX($H$4:$H$51,MATCH(AP22,$K$4:$K$51,0),) -> Polen | AT22: =Tippa!G46 -> 2 | AU22: =Tippa!H46 -> 1 | AV22: =IF(AT22="-",0,IF(AT22>AU22,3,IF(AT22=AU22,1,0))) -> 3 | AW22: =IF(AT22="-",0,IF(AU22>AT22,3,IF(AU22=AT22,1,0))) -> 0
B23: Fre 25/11 | C23: 0.45833333 | D23: B4-B2 | E23: =LEFT(D23,2) -> B4 | F23: =RIGHT(D23,2) -> B2 | G23: =INDEX($N$4:$N$42,MATCH(E23,$M$4:$M$42,0)) -> Wales | H23: =INDEX($N$4:$N$42,MATCH(F23,$M$4:$M$42,0)) -> Iran | I23: =LEFT(D23,1) -> B | J23: =COUNTIF($I$4:I23,I23) -> 4 | K23: =I23&J23 -> B4 | AP23: =Tippa!A47 -> C3 | AQ23: =Tippa!C47 -> Polen - Saudiarabien | AR23: =INDEX($G$4:$G$51,MATCH(AP23,$K$4:$K$51,0),) -> Polen | AS23: =INDEX($H$4:$H$51,MATCH(AP23,$K$4:$K$51,0),) -> Saudiarabien | AT23: =Tippa!G47 -> 1 | AU23: =Tippa!H47 -> 0 | AV23: =IF(AT23="-",0,IF(AT23>AU23,3,IF(AT23=AU23,1,0))) -> 3 | AW23: =IF(AT23="-",0,IF(AU23>AT23,3,IF(AU23=AT23,1,0))) -> 0
B24: Lör 26/11 | C24: 0.58333333 | D24: C4-C2 | E24: =LEFT(D24,2) -> C4 | F24: =RIGHT(D24,2) -> C2 | G24: =INDEX($N$4:$N$42,MATCH(E24,$M$4:$M$42,0)) -> Polen | H24: =INDEX($N$4:$N$42,MATCH(F24,$M$4:$M$42,0)) -> Saudiarabien | I24: =LEFT(D24,1) -> C | J24: =COUNTIF($I$4:I24,I24) -> 3 | K24: =I24&J24 -> C3 | M24: E1 | N24: Spanien | P24: =SUMIF($AR$37:$AR$42,N24,$AV$37:$AV$42)+SUMIF($AS$37:$AS$42,N24,$AW$37:$AW$42) -> 5 | Q24: =SUMIF($AR$37:$AR$42,N24,$AT$37:$AT$42)+SUMIF($AS$37:$AS$42,N24,$AU$37:$AU$42) -> 6 | R24: =-SUMIF($AR$37:$AR$42,N24,$AU$37:$AU$42)-SUMIF($AS$37:$AS$42,N24,$AT$37:$AT$42) -> -4 | S24: =SUM(Q24:R24) -> 2 | T24: =RANK(P24,$P$24:$P$27,0) -> 2 | U24: =RANK(S24,$S$24:$S$27,0) -> 2 | V24: =RANK(Q24,$Q$24:$Q$27,0) -> 2 | W24: 0.001 | X24: =IF(COUNTIF($T$24:$T$27,T24)>1,U24,0) -> 0 | Y24: =IF(X24=MAX($X$24:$X$27),0.2,0) -> 0.2 | Z24: =Y24+T24 -> 2.2 | AA24: =IF(COUNTIF($Z$24:$Z$27,Z24)>1,V24,0) -> 0 | AB24: =IF(AA24=MAX($AA$24:$AA$27),0.1,0) -> 0.1 | AC24: =Z24+AB24+W24 -> 2.301 | AD24: =_xlfn.RANK.EQ(AC24,$AC$24:$AC$27,1) -> 2 | AF24: 1 | AG24: =INDEX($N$24:$N$27,MATCH($AF24,$AD$24:$AD$27,0),) -> Tyskland | AH24: =INDEX($P$24:$P$27,MATCH($AF24,$AD$24:$AD$27,0),) -> 7 | AI24: =INDEX($S$24:$S$27,MATCH($AF24,$AD$24:$AD$27,0),) -> 7 | AJ24: =INDEX($Q$24:$Q$27,MATCH($AF24,$AD$24:$AD$27,0),) -> 10 | AL24: =COUNTIF(Tippa!$J$67:$J$70,Beräkningar!AF24) -> 1 | AM24: =Tippa!J67 -> 1 | AN24: =AM24&"E" -> 1E | AO24: =INDEX(AM24:AM27,MATCH(N24,AG24:AG27,0),) -> 2 | AP24: =Tippa!A48 -> C4 | AQ24: =Tippa!C48 -> Argentina - Mexiko | AR24: =INDEX($G$4:$G$51,MATCH(AP24,$K$4:$K$51,0),) -> Argentina | AS24: =INDEX($H$4:$H$51,MATCH(AP24,$K$4:$K$51,0),) -> Mexiko | AT24: =Tippa!G48 -> 2 | AU24: =Tippa!H48 -> 2 | AV24: =IF(AT24="-",0,IF(AT24>AU24,3,IF(AT24=AU24,1,0))) -> 1 | AW24: =IF(AT24="-",0,IF(AU24>AT24,3,IF(AU24=AT24,1,0))) -> 1
B25: Lör 26/11 | C25: 0.83333333 | D25: C1-C3 | E25: =LEFT(D25,2) -> C1 | F25: =RIGHT(D25,2) -> C3 | G25: =INDEX($N$4:$N$42,MATCH(E25,$M$4:$M$42,0)) -> Argentina | H25: =INDEX($N$4:$N$42,MATCH(F25,$M$4:$M$42,0)) -> Mexiko | I25: =LEFT(D25,1) -> C | J25: =COUNTIF($I$4:I25,I25) -> 4 | K25: =I25&J25 -> C4 | M25: E2 | N25: Costa Rica | P25: =SUMIF($AR$37:$AR$42,N25,$AV$37:$AV$42)+SUMIF($AS$37:$AS$42,N25,$AW$37:$AW$42) -> 0 | Q25: =SUMIF($AR$37:$AR$42,N25,$AT$37:$AT$42)+SUMIF($AS$37:$AS$42,N25,$AU$37:$AU$42) -> 1 | R25: =-SUMIF($AR$37:$AR$42,N25,$AU$37:$AU$42)-SUMIF($AS$37:$AS$42,N25,$AT$37:$AT$42) -> -9 | S25: =SUM(Q25:R25) -> -8 | T25: =RANK(P25,$P$24:$P$27,0) -> 4 | U25: =RANK(S25,$S$24:$S$27,0) -> 4 | V25: =RANK(Q25,$Q$24:$Q$27,0) -> 4 | W25: =W24+0.001 -> 0.002 | X25: =IF(COUNTIF($T$24:$T$27,T25)>1,U25,0) -> 0 | Y25: =IF(X25=MAX($X$24:$X$27),0.2,0) -> 0.2 | Z25: =Y25+T25 -> 4.2 | AA25: =IF(COUNTIF($Z$24:$Z$27,Z25)>1,V25,0) -> 0 | AB25: =IF(AA25=MAX($AA$24:$AA$27),0.1,0) -> 0.1 | AC25: =Z25+AB25+W25 -> 4.302 | AD25: =_xlfn.RANK.EQ(AC25,$AC$24:$AC$27,1) -> 4 | AF25: 2 | AG25: =INDEX($N$24:$N$27,MATCH($AF25,$AD$24:$AD$27,0),) -> Spanien | AH25: =INDEX($P$24:$P$27,MATCH($AF25,$AD$24:$AD$27,0),) -> 5 | AI25: =INDEX($S$24:$S$27,MATCH($AF25,$AD$24:$AD$27,0),) -> 2 | AJ25: =INDEX($Q$24:$Q$27,MATCH($AF25,$AD$24:$AD$27,0),) -> 6 | AL25: =COUNTIF(Tippa!$J$67:$J$70,Beräkningar!AF25) -> 1 | AM25: =Tippa!J68 -> 2 | AN25: =AM25&"E" -> 2E | AO25: =INDEX(AM24:AM27,MATCH(N25,AG24:AG27,0),) -> 4 | AP25: =Tippa!A49 -> C5 | AQ25: =Tippa!C49 -> Saudiarabien - Mexiko | AR25: =INDEX($G$4:$G$51,MATCH(AP25,$K$4:$K$51,0),) -> Saudiarabien | AS25: =INDEX($H$4:$H$51,MATCH(AP25,$K$4:$K$51,0),) -> Mexiko | AT25: =Tippa!G49 -> 0 | AU25: =Tippa!H49 -> 2 | AV25: =IF(AT25="-",0,IF(AT25>AU25,3,IF(AT25=AU25,1,0))) -> 0 | AW25: =IF(AT25="-",0,IF(AU25>AT25,3,IF(AU25=AT25,1,0))) -> 3
B26: Lör 26/11 | C26: 0.70833333 | D26: D1-D3 | E26: =LEFT(D26,2) -> D1 | F26: =RIGHT(D26,2) -> D3 | G26: =INDEX($N$4:$N$42,MATCH(E26,$M$4:$M$42,0)) -> Frankrike | H26: =INDEX($N$4:$N$42,MATCH(F26,$M$4:$M$42,0)) -> Danmark | I26: =LEFT(D26,1) -> D | J26: =COUNTIF($I$4:I26,I26) -> 3 | K26: =I26&J26 -> D3 | M26: E3 | N26: Tyskland | P26: =SUMIF($AR$37:$AR$42,N26,$AV$37:$AV$42)+SUMIF($AS$37:$AS$42,N26,$AW$37:$AW$42) -> 7 | Q26: =SUMIF($AR$37:$AR$42,N26,$AT$37:$AT$42)+SUMIF($AS$37:$AS$42,N26,$AU$37:$AU$42) -> 10 | R26: =-SUMIF($AR$37:$AR$42,N26,$AU$37:$AU$42)-SUMIF($AS$37:$AS$42,N26,$AT$37:$AT$42) -> -3 | S26: =SUM(Q26:R26) -> 7 | T26: =RANK(P26,$P$24:$P$27,0) -> 1 | U26: =RANK(S26,$S$24:$S$27,0) -> 1 | V26: =RANK(Q26,$Q$24:$Q$27,0) -> 1 | W26: =W25+0.001 -> 0.003 | X26: =IF(COUNTIF($T$24:$T$27,T26)>1,U26,0) -> 0 | Y26: =IF(X26=MAX($X$24:$X$27),0.2,0) -> 0.2 | Z26: =Y26+T26 -> 1.2 | AA26: =IF(COUNTIF($Z$24:$Z$27,Z26)>1,V26,0) -> 0 | AB26: =IF(AA26=MAX($AA$24:$AA$27),0.1,0) -> 0.1 | AC26: =Z26+AB26+W26 -> 1.303 | AD26: =_xlfn.RANK.EQ(AC26,$AC$24:$AC$27,1) -> 1 | AF26: 3 | AG26: =INDEX($N$24:$N$27,MATCH($AF26,$AD$24:$AD$27,0),) -> Japan | AH26: =INDEX($P$24:$P$27,MATCH($AF26,$AD$24:$AD$27,0),) -> 4 | AI26: =INDEX($S$24:$S$27,MATCH($AF26,$AD$24:$AD$27,0),) -> -1 | AJ26: =INDEX($Q$24:$Q$27,MATCH($AF26,$AD$24:$AD$27,0),) -> 3 | AL26: =COUNTIF(Tippa!$J$67:$J$70,Beräkningar!AF26) -> 1 | AM26: =Tippa!J69 -> 3 | AN26: =AM26&"E" -> 3E | AO26: =INDEX(AM24:AM27,MATCH(N26,AG24:AG27,0),) -> 1 | AP26: =Tippa!A50 -> C6 | AQ26: =Tippa!C50 -> Polen - Argentina | AR26: =INDEX($G$4:$G$51,MATCH(AP26,$K$4:$K$51,0),) -> Polen | AS26: =INDEX($H$4:$H$51,MATCH(AP26,$K$4:$K$51,0),) -> Argentina | AT26: =Tippa!G50 -> 1 | AU26: =Tippa!H50 -> 2 | AV26: =IF(AT26="-",0,IF(AT26>AU26,3,IF(AT26=AU26,1,0))) -> 0 | AW26: =IF(AT26="-",0,IF(AU26>AT26,3,IF(AU26=AT26,1,0))) -> 3
B27: Lör 26/11 | C27: 0.45833333 | D27: D4-D2 | E27: =LEFT(D27,2) -> D4 | F27: =RIGHT(D27,2) -> D2 | G27: =INDEX($N$4:$N$42,MATCH(E27,$M$4:$M$42,0)) -> Tunisien | H27: =INDEX($N$4:$N$42,MATCH(F27,$M$4:$M$42,0)) -> Australien | I27: =LEFT(D27,1) -> D | J27: =COUNTIF($I$4:I27,I27) -> 4 | K27: =I27&J27 -> D4 | M27: E4 | N27: Japan | P27: =SUMIF($AR$37:$AR$42,N27,$AV$37:$AV$42)+SUMIF($AS$37:$AS$42,N27,$AW$37:$AW$42) -> 4 | Q27: =SUMIF($AR$37:$AR$42,N27,$AT$37:$AT$42)+SUMIF($AS$37:$AS$42,N27,$AU$37:$AU$42) -> 3 | R27: =-SUMIF($AR$37:$AR$42,N27,$AU$37:$AU$42)-SUMIF($AS$37:$AS$42,N27,$AT$37:$AT$42) -> -4 | S27: =SUM(Q27:R27) -> -1 | T27: =RANK(P27,$P$24:$P$27,0) -> 3 | U27: =RANK(S27,$S$24:$S$27,0) -> 3 | V27: =RANK(Q27,$Q$24:$Q$27,0) -> 3 | W27: =W26+0.001 -> 0.004 | X27: =IF(COUNTIF($T$24:$T$27,T27)>1,U27,0) -> 0 | Y27: =IF(X27=MAX($X$24:$X$27),0.2,0) -> 0.2 | Z27: =Y27+T27 -> 3.2 | AA27: =IF(COUNTIF($Z$24:$Z$27,Z27)>1,V27,0) -> 0 | AB27: =IF(AA27=MAX($AA$24:$AA$27),0.1,0) -> 0.1 | AC27: =Z27+AB27+W27 -> 3.304 | AD27: =_xlfn.RANK.EQ(AC27,$AC$24:$AC$27,1) -> 3 | AF27: 4 | AG27: =INDEX($N$24:$N$27,MATCH($AF27,$AD$24:$AD$27,0),) -> Costa Rica | AH27: =INDEX($P$24:$P$27,MATCH($AF27,$AD$24:$AD$27,0),) -> 0 | AI27: =INDEX($S$24:$S$27,MATCH($AF27,$AD$24:$AD$27,0),) -> -8 | AJ27: =INDEX($Q$24:$Q$27,MATCH($AF27,$AD$24:$AD$27,0),) -> 1 | AL27: =COUNTIF(Tippa!$J$67:$J$70,Beräkningar!AF27) -> 1 | AM27: =Tippa!J70 -> 4 | AN27: =AM27&"E" -> 4E | AO27: =INDEX(AM24:AM27,MATCH(N27,AG24:AG27,0),) -> 3
B28: Sön 27/11 | C28: 0.45833333 | D28: E4-E2 | E28: =LEFT(D28,2) -> E4 | F28: =RIGHT(D28,2) -> E2 | G28: =INDEX($N$4:$N$42,MATCH(E28,$M$4:$M$42,0)) -> Japan | H28: =INDEX($N$4:$N$42,MATCH(F28,$M$4:$M$42,0)) -> Costa Rica | I28: =LEFT(D28,1) -> E | J28: =COUNTIF($I$4:I28,I28) -> 3 | K28: =I28&J28 -> E3 | AQ28: Grupp D | AT28: Resultat | AV28: Poäng
B29: Sön 27/11 | C29: 0.83333333 | D29: E1-E3 | E29: =LEFT(D29,2) -> E1 | F29: =RIGHT(D29,2) -> E3 | G29: =INDEX($N$4:$N$42,MATCH(E29,$M$4:$M$42,0)) -> Spanien | H29: =INDEX($N$4:$N$42,MATCH(F29,$M$4:$M$42,0)) -> Tyskland | I29: =LEFT(D29,1) -> E | J29: =COUNTIF($I$4:I29,I29) -> 4 | K29: =I29&J29 -> E4 | M29: F1 | N29: Belgien | P29: =SUMIF($AR$45:$AR$50,N29,$AV$45:$AV$50)+SUMIF($AS$45:$AS$50,N29,$AW$45:$AW$50) -> 9 | Q29: =SUMIF($AR$45:$AR$50,N29,$AT$45:$AT$50)+SUMIF($AS$45:$AS$50,N29,$AU$45:$AU$50) -> 7 | R29: =-SUMIF($AR$45:$AR$50,N29,$AU$45:$AU$50)-SUMIF($AS$45:$AS$50,N29,$AT$45:$AT$50) -> -1 | S29: =SUM(Q29:R29) -> 6 | T29: =RANK(P29,$P$29:$P$32,0) -> 1 | U29: =RANK(S29,$S$29:$S$32,0) -> 1 | V29: =RANK(Q29,$Q$29:$Q$32,0) -> 1 | W29: 0.001 | X29: =IF(COUNTIF($T$29:$T$32,T29)>1,U29,0) -> 0 | Y29: =IF(X29=MAX($X$29:$X$32),0.2,0) -> 0.2 | Z29: =Y29+T29 -> 1.2 | AA29: =IF(COUNTIF($Z$29:$Z$32,Z29)>1,V29,0) -> 0 | AB29: =IF(AA29=MAX($AA$29:$AA$32),0.1,0) -> 0.1 | AC29: =Z29+AB29+W29 -> 1.301 | AD29: =_xlfn.RANK.EQ(AC29,$AC$29:$AC$32,1) -> 1 | AF29: 1 | AG29: =INDEX($N$29:$N$32,MATCH($AF29,$AD$29:$AD$32,0),) -> Belgien | AH29: =INDEX($P$29:$P$32,MATCH($AF29,$AD$29:$AD$32,0),) -> 9 | AI29: =INDEX($S$29:$S$32,MATCH($AF29,$AD$29:$AD$32,0),) -> 6 | AJ29: =INDEX($Q$29:$Q$32,MATCH($AF29,$AD$29:$AD$32,0),) -> 7 | AL29: =COUNTIF(Tippa!$J$78:$J$81,Beräkningar!AF29) -> 1 | AM29: =Tippa!J78 -> 1 | AN29: =AM29&"F" -> 1F | AO29: =INDEX(AM29:AM32,MATCH(N29,AG29:AG32,0),) -> 1 | AP29: =Tippa!A56 -> D1 | AQ29: =Tippa!C56 -> Frankrike - Australien | AR29: =INDEX($G$4:$G$51,MATCH(AP29,$K$4:$K$51,0),) -> Frankrike | AS29: =INDEX($H$4:$H$51,MATCH(AP29,$K$4:$K$51,0),) -> Australien | AT29: =Tippa!G56 -> 4 | AU29: =Tippa!H56 -> 0 | AV29: =IF(AT29="-",0,IF(AT29>AU29,3,IF(AT29=AU29,1,0))) -> 3 | AW29: =IF(AT29="-",0,IF(AU29>AT29,3,IF(AU29=AT29,1,0))) -> 0
B30: Sön 27/11 | C30: 0.58333333 | D30: F1-F3 | E30: =LEFT(D30,2) -> F1 | F30: =RIGHT(D30,2) -> F3 | G30: =INDEX($N$4:$N$42,MATCH(E30,$M$4:$M$42,0)) -> Belgien | H30: =INDEX($N$4:$N$42,MATCH(F30,$M$4:$M$42,0)) -> Marocko | I30: =LEFT(D30,1) -> F | J30: =COUNTIF($I$4:I30,I30) -> 3 | K30: =I30&J30 -> F3 | M30: F2 | N30: Kanada | P30: =SUMIF($AR$45:$AR$50,N30,$AV$45:$AV$50)+SUMIF($AS$45:$AS$50,N30,$AW$45:$AW$50) -> 0 | Q30: =SUMIF($AR$45:$AR$50,N30,$AT$45:$AT$50)+SUMIF($AS$45:$AS$50,N30,$AU$45:$AU$50) -> 0 | R30: =-SUMIF($AR$45:$AR$50,N30,$AU$45:$AU$50)-SUMIF($AS$45:$AS$50,N30,$AT$45:$AT$50) -> -7 | S30: =SUM(Q30:R30) -> -7 | T30: =RANK(P30,$P$29:$P$32,0) -> 4 | U30: =RANK(S30,$S$29:$S$32,0) -> 4 | V30: =RANK(Q30,$Q$29:$Q$32,0) -> 4 | W30: =W29+0.001 -> 0.002 | X30: =IF(COUNTIF($T$29:$T$32,T30)>1,U30,0) -> 0 | Y30: =IF(X30=MAX($X$29:$X$32),0.2,0) -> 0.2 | Z30: =Y30+T30 -> 4.2 | AA30: =IF(COUNTIF($Z$29:$Z$32,Z30)>1,V30,0) -> 0 | AB30: =IF(AA30=MAX($AA$29:$AA$32),0.1,0) -> 0.1 | AC30: =Z30+AB30+W30 -> 4.302 | AD30: =_xlfn.RANK.EQ(AC30,$AC$29:$AC$32,1) -> 4 | AF30: 2 | AG30: =INDEX($N$29:$N$32,MATCH($AF30,$AD$29:$AD$32,0),) -> Kroatien | AH30: =INDEX($P$29:$P$32,MATCH($AF30,$AD$29:$AD$32,0),) -> 6 | AI30: =INDEX($S$29:$S$32,MATCH($AF30,$AD$29:$AD$32,0),) -> 4 | AJ30: =INDEX($Q$29:$Q$32,MATCH($AF30,$AD$29:$AD$32,0),) -> 6 | AL30: =COUNTIF(Tippa!$J$78:$J$81,Beräkningar!AF30) -> 1 | AM30: =Tippa!J79 -> 2 | AN30: =AM30&"F" -> 2F | AO30: =INDEX(AM29:AM32,MATCH(N30,AG29:AG32,0),) -> 4 | AP30: =Tippa!A57 -> D2 | AQ30: =Tippa!C57 -> Danmark - Tunisien | AR30: =INDEX($G$4:$G$51,MATCH(AP30,$K$4:$K$51,0),) -> Danmark | AS30: =INDEX($H$4:$H$51,MATCH(AP30,$K$4:$K$51,0),) -> Tunisien | AT30: =Tippa!G57 -> 2 | AU30: =Tippa!H57 -> 1 | AV30: =IF(AT30="-",0,IF(AT30>AU30,3,IF(AT30=AU30,1,0))) -> 3 | AW30: =IF(AT30="-",0,IF(AU30>AT30,3,IF(AU30=AT30,1,0))) -> 0
B31: Sön 27/11 | C31: 0.70833333 | D31: F4-F2 | E31: =LEFT(D31,2) -> F4 | F31: =RIGHT(D31,2) -> F2 | G31: =INDEX($N$4:$N$42,MATCH(E31,$M$4:$M$42,0)) -> Kroatien | H31: =INDEX($N$4:$N$42,MATCH(F31,$M$4:$M$42,0)) -> Kanada | I31: =LEFT(D31,1) -> F | J31: =COUNTIF($I$4:I31,I31) -> 4 | K31: =I31&J31 -> F4 | M31: F3 | N31: Marocko | P31: =SUMIF($AR$45:$AR$50,N31,$AV$45:$AV$50)+SUMIF($AS$45:$AS$50,N31,$AW$45:$AW$50) -> 3 | Q31: =SUMIF($AR$45:$AR$50,N31,$AT$45:$AT$50)+SUMIF($AS$45:$AS$50,N31,$AU$45:$AU$50) -> 1 | R31: =-SUMIF($AR$45:$AR$50,N31,$AU$45:$AU$50)-SUMIF($AS$45:$AS$50,N31,$AT$45:$AT$50) -> -4 | S31: =SUM(Q31:R31) -> -3 | T31: =RANK(P31,$P$29:$P$32,0) -> 3 | U31: =RANK(S31,$S$29:$S$32,0) -> 3 | V31: =RANK(Q31,$Q$29:$Q$32,0) -> 3 | W31: =W30+0.001 -> 0.003 | X31: =IF(COUNTIF($T$29:$T$32,T31)>1,U31,0) -> 0 | Y31: =IF(X31=MAX($X$29:$X$32),0.2,0) -> 0.2 | Z31: =Y31+T31 -> 3.2 | AA31: =IF(COUNTIF($Z$29:$Z$32,Z31)>1,V31,0) -> 0 | AB31: =IF(AA31=MAX($AA$29:$AA$32),0.1,0) -> 0.1 | AC31: =Z31+AB31+W31 -> 3.303 | AD31: =_xlfn.RANK.EQ(AC31,$AC$29:$AC$32,1) -> 3 | AF31: 3 | AG31: =INDEX($N$29:$N$32,MATCH($AF31,$AD$29:$AD$32,0),) -> Marocko | AH31: =INDEX($P$29:$P$32,MATCH($AF31,$AD$29:$AD$32,0),) -> 3 | AI31: =INDEX($S$29:$S$32,MATCH($AF31,$AD$29:$AD$32,0),) -> -3 | AJ31: =INDEX($Q$29:$Q$32,MATCH($AF31,$AD$29:$AD$32,0),) -> 1 | AL31: =COUNTIF(Tippa!$J$78:$J$81,Beräkningar!AF31) -> 1 | AM31: =Tippa!J80 -> 3 | AN31: =AM31&"F" -> 3F | AO31: =INDEX(AM29:AM32,MATCH(N31,AG29:AG32,0),) -> 3 | AP31: =Tippa!A58 -> D3 | AQ31: =Tippa!C58 -> Frankrike - Danmark | AR31: =INDEX($G$4:$G$51,MATCH(AP31,$K$4:$K$51,0),) -> Frankrike | AS31: =INDEX($H$4:$H$51,MATCH(AP31,$K$4:$K$51,0),) -> Danmark | AT31: =Tippa!G58 -> 1 | AU31: =Tippa!H58 -> 0 | AV31: =IF(AT31="-",0,IF(AT31>AU31,3,IF(AT31=AU31,1,0))) -> 3 | AW31: =IF(AT31="-",0,IF(AU31>AT31,3,IF(AU31=AT31,1,0))) -> 0
B32: Mån 28/11 | C32: 0.45833333 | D32: G4-G2 | E32: =LEFT(D32,2) -> G4 | F32: =RIGHT(D32,2) -> G2 | G32: =INDEX($N$4:$N$42,MATCH(E32,$M$4:$M$42,0)) -> Kamerun | H32: =INDEX($N$4:$N$42,MATCH(F32,$M$4:$M$42,0)) -> Serbien | I32: =LEFT(D32,1) -> G | J32: =COUNTIF($I$4:I32,I32) -> 3 | K32: =I32&J32 -> G3 | M32: F4 | N32: Kroatien | P32: =SUMIF($AR$45:$AR$50,N32,$AV$45:$AV$50)+SUMIF($AS$45:$AS$50,N32,$AW$45:$AW$50) -> 6 | Q32: =SUMIF($AR$45:$AR$50,N32,$AT$45:$AT$50)+SUMIF($AS$45:$AS$50,N32,$AU$45:$AU$50) -> 6 | R32: =-SUMIF($AR$45:$AR$50,N32,$AU$45:$AU$50)-SUMIF($AS$45:$AS$50,N32,$AT$45:$AT$50) -> -2 | S32: =SUM(Q32:R32) -> 4 | T32: =RANK(P32,$P$29:$P$32,0) -> 2 | U32: =RANK(S32,$S$29:$S$32,0) -> 2 | V32: =RANK(Q32,$Q$29:$Q$32,0) -> 2 | W32: =W31+0.001 -> 0.004 | X32: =IF(COUNTIF($T$29:$T$32,T32)>1,U32,0) -> 0 | Y32: =IF(X32=MAX($X$29:$X$32),0.2,0) -> 0.2 | Z32: =Y32+T32 -> 2.2 | AA32: =IF(COUNTIF($Z$29:$Z$32,Z32)>1,V32,0) -> 0 | AB32: =IF(AA32=MAX($AA$29:$AA$32),0.1,0) -> 0.1 | AC32: =Z32+AB32+W32 -> 2.304 | AD32: =_xlfn.RANK.EQ(AC32,$AC$29:$AC$32,1) -> 2 | AF32: 4 | AG32: =INDEX($N$29:$N$32,MATCH($AF32,$AD$29:$AD$32,0),) -> Kanada | AH32: =INDEX($P$29:$P$32,MATCH($AF32,$AD$29:$AD$32,0),) -> 0 | AI32: =INDEX($S$29:$S$32,MATCH($AF32,$AD$29:$AD$32,0),) -> -7 | AJ32: =INDEX($Q$29:$Q$32,MATCH($AF32,$AD$29:$AD$32,0),) -> 0 | AL32: =COUNTIF(Tippa!$J$78:$J$81,Beräkningar!AF32) -> 1 | AM32: =Tippa!J81 -> 4 | AN32: =AM32&"F" -> 4F | AO32: =INDEX(AM29:AM32,MATCH(N32,AG29:AG32,0),) -> 2 | AP32: =Tippa!A59 -> D4 | AQ32: =Tippa!C59 -> Tunisien - Australien | AR32: =INDEX($G$4:$G$51,MATCH(AP32,$K$4:$K$51,0),) -> Tunisien | AS32: =INDEX($H$4:$H$51,MATCH(AP32,$K$4:$K$51,0),) -> Australien | AT32: =Tippa!G59 -> 1 | AU32: =Tippa!H59 -> 1 | AV32: =IF(AT32="-",0,IF(AT32>AU32,3,IF(AT32=AU32,1,0))) -> 1 | AW32: =IF(AT32="-",0,IF(AU32>AT32,3,IF(AU32=AT32,1,0))) -> 1
B33: Mån 28/11 | C33: 0.70833333 | D33: G1-G3 | E33: =LEFT(D33,2) -> G1 | F33: =RIGHT(D33,2) -> G3 | G33: =INDEX($N$4:$N$42,MATCH(E33,$M$4:$M$42,0)) -> Brasilien | H33: =INDEX($N$4:$N$42,MATCH(F33,$M$4:$M$42,0)) -> Schweiz | I33: =LEFT(D33,1) -> G | J33: =COUNTIF($I$4:I33,I33) -> 4 | K33: =I33&J33 -> G4 | AP33: =Tippa!A60 -> D5 | AQ33: =Tippa!C60 -> Australien - Danmark | AR33: =INDEX($G$4:$G$51,MATCH(AP33,$K$4:$K$51,0),) -> Australien | AS33: =INDEX($H$4:$H$51,MATCH(AP33,$K$4:$K$51,0),) -> Danmark | AT33: =Tippa!G60 -> 0 | AU33: =Tippa!H60 -> 3 | AV33: =IF(AT33="-",0,IF(AT33>AU33,3,IF(AT33=AU33,1,0))) -> 0 | AW33: =IF(AT33="-",0,IF(AU33>AT33,3,IF(AU33=AT33,1,0))) -> 3
B34: Mån 28/11 | C34: 0.83333333 | D34: H1-H3 | E34: =LEFT(D34,2) -> H1 | F34: =RIGHT(D34,2) -> H3 | G34: =INDEX($N$4:$N$42,MATCH(E34,$M$4:$M$42,0)) -> Portugal | H34: =INDEX($N$4:$N$42,MATCH(F34,$M$4:$M$42,0)) -> Uruguay | I34: =LEFT(D34,1) -> H | J34: =COUNTIF($I$4:I34,I34) -> 3 | K34: =I34&J34 -> H3 | M34: G1 | N34: Brasilien | P34: =SUMIF($AR$53:$AR$58,N34,$AV$53:$AV$58)+SUMIF($AS$53:$AS$58,N34,$AW$53:$AW$58) -> 9 | Q34: =SUMIF($AR$53:$AR$58,N34,$AT$53:$AT$58)+SUMIF($AS$53:$AS$58,N34,$AU$53:$AU$58) -> 8 | R34: =-SUMIF($AR$53:$AR$58,N34,$AU$53:$AU$58)-SUMIF($AS$53:$AS$58,N34,$AT$53:$AT$58) -> -2 | S34: =SUM(Q34:R34) -> 6 | T34: =RANK(P34,$P$34:$P$37,0) -> 1 | U34: =RANK(S34,$S$34:$S$37,0) -> 1 | V34: =RANK(Q34,$Q$34:$Q$37,0) -> 1 | W34: 0.001 | X34: =IF(COUNTIF($T$34:$T$37,T34)>1,U34,0) -> 0 | Y34: =IF(X34=MAX($X$34:$X$37),0.2,0) -> 0.2 | Z34: =Y34+T34 -> 1.2 | AA34: =IF(COUNTIF($Z$34:$Z$37,Z34)>1,V34,0) -> 0 | AB34: =IF(AA34=MAX($AA$34:$AA$37),0.1,0) -> 0.1 | AC34: =Z34+AB34+W34 -> 1.301 | AD34: =_xlfn.RANK.EQ(AC34,$AC$34:$AC$37,1) -> 1 | AF34: 1 | AG34: =INDEX($N$34:$N$37,MATCH($AF34,$AD$34:$AD$37,0),) -> Brasilien | AH34: =INDEX($P$34:$P$37,MATCH($AF34,$AD$34:$AD$37,0),) -> 9 | AI34: =INDEX($S$34:$S$37,MATCH($AF34,$AD$34:$AD$37,0),) -> 6 | AJ34: =INDEX($Q$34:$Q$37,MATCH($AF34,$AD$34:$AD$37,0),) -> 8 | AL34: =COUNTIF(Tippa!$J$89:$J$92,Beräkningar!AF34) -> 1 | AM34: =Tippa!J89 -> 1 | AN34: =AM34&"G" -> 1G | AO34: =INDEX(AM34:AM37,MATCH(N34,AG34:AG37,0),) -> 1 | AP34: =Tippa!A61 -> D6 | AQ34: =Tippa!C61 -> Tunisien - Frankrike | AR34: =INDEX($G$4:$G$51,MATCH(AP34,$K$4:$K$51,0),) -> Tunisien | AS34: =INDEX($H$4:$H$51,MATCH(AP34,$K$4:$K$51,0),) -> Frankrike | AT34: =Tippa!G61 -> 0 | AU34: =Tippa!H61 -> 2 | AV34: =IF(AT34="-",0,IF(AT34>AU34,3,IF(AT34=AU34,1,0))) -> 0 | AW34: =IF(AT34="-",0,IF(AU34>AT34,3,IF(AU34=AT34,1,0))) -> 3
B35: Mån 28/11 | C35: 0.58333333 | D35: H4-H2 | E35: =LEFT(D35,2) -> H4 | F35: =RIGHT(D35,2) -> H2 | G35: =INDEX($N$4:$N$42,MATCH(E35,$M$4:$M$42,0)) -> Sydkorea | H35: =INDEX($N$4:$N$42,MATCH(F35,$M$4:$M$42,0)) -> Ghana | I35: =LEFT(D35,1) -> H | J35: =COUNTIF($I$4:I35,I35) -> 4 | K35: =I35&J35 -> H4 | M35: G2 | N35: Serbien | P35: =SUMIF($AR$53:$AR$58,N35,$AV$53:$AV$58)+SUMIF($AS$53:$AS$58,N35,$AW$53:$AW$58) -> 1 | Q35: =SUMIF($AR$53:$AR$58,N35,$AT$53:$AT$58)+SUMIF($AS$53:$AS$58,N35,$AU$53:$AU$58) -> 2 | R35: =-SUMIF($AR$53:$AR$58,N35,$AU$53:$AU$58)-SUMIF($AS$53:$AS$58,N35,$AT$53:$AT$58) -> -4 | S35: =SUM(Q35:R35) -> -2 | T35: =RANK(P35,$P$34:$P$37,0) -> 4 | U35: =RANK(S35,$S$34:$S$37,0) -> 3 | V35: =RANK(Q35,$Q$34:$Q$37,0) -> 3 | W35: =W34+0.001 -> 0.002 | X35: =IF(COUNTIF($T$34:$T$37,T35)>1,U35,0) -> 0 | Y35: =IF(X35=MAX($X$34:$X$37),0.2,0) -> 0.2 | Z35: =Y35+T35 -> 4.2 | AA35: =IF(COUNTIF($Z$34:$Z$37,Z35)>1,V35,0) -> 0 | AB35: =IF(AA35=MAX($AA$34:$AA$37),0.1,0) -> 0.1 | AC35: =Z35+AB35+W35 -> 4.302 | AD35: =_xlfn.RANK.EQ(AC35,$AC$34:$AC$37,1) -> 4 | AF35: 2 | AG35: =INDEX($N$34:$N$37,MATCH($AF35,$AD$34:$AD$37,0),) -> Kamerun | AH35: =INDEX($P$34:$P$37,MATCH($AF35,$AD$34:$AD$37,0),) -> 4 | AI35: =INDEX($S$34:$S$37,MATCH($AF35,$AD$34:$AD$37,0),) -> 0 | AJ35: =INDEX($Q$34:$Q$37,MATCH($AF35,$AD$34:$AD$37,0),) -> 3 | AL35: =COUNTIF(Tippa!$J$89:$J$92,Beräkningar!AF35) -> 1 | AM35: =Tippa!J90 -> 2 | AN35: =AM35&"G" -> 2G | AO35: =INDEX(AM34:AM37,MATCH(N35,AG34:AG37,0),) -> 4
B36: Tis 29/11 | C36: 0.66666667 | D36: A2-A3 | E36: =LEFT(D36,2) -> A2 | F36: =RIGHT(D36,2) -> A3 | G36: =INDEX($N$4:$N$42,MATCH(E36,$M$4:$M$42,0)) -> Ecuador | H36: =INDEX($N$4:$N$42,MATCH(F36,$M$4:$M$42,0)) -> Senegal | I36: =LEFT(D36,1) -> A | J36: =COUNTIF($I$4:I36,I36) -> 5 | K36: =I36&J36 -> A5 | M36: G3 | N36: Schweiz | P36: =SUMIF($AR$53:$AR$58,N36,$AV$53:$AV$58)+SUMIF($AS$53:$AS$58,N36,$AW$53:$AW$58) -> 2 | Q36: =SUMIF($AR$53:$AR$58,N36,$AT$53:$AT$58)+SUMIF($AS$53:$AS$58,N36,$AU$53:$AU$58) -> 2 | R36: =-SUMIF($AR$53:$AR$58,N36,$AU$53:$AU$58)-SUMIF($AS$53:$AS$58,N36,$AT$53:$AT$58) -> -6 | S36: =SUM(Q36:R36) -> -4 | T36: =RANK(P36,$P$34:$P$37,0) -> 3 | U36: =RANK(S36,$S$34:$S$37,0) -> 4 | V36: =RANK(Q36,$Q$34:$Q$37,0) -> 3 | W36: =W35+0.001 -> 0.003 | X36: =IF(COUNTIF($T$34:$T$37,T36)>1,U36,0) -> 0 | Y36: =IF(X36=MAX($X$34:$X$37),0.2,0) -> 0.2 | Z36: =Y36+T36 -> 3.2 | AA36: =IF(COUNTIF($Z$34:$Z$37,Z36)>1,V36,0) -> 0 | AB36: =IF(AA36=MAX($AA$34:$AA$37),0.1,0) -> 0.1 | AC36: =Z36+AB36+W36 -> 3.303 | AD36: =_xlfn.RANK.EQ(AC36,$AC$34:$AC$37,1) -> 3 | AF36: 3 | AG36: =INDEX($N$34:$N$37,MATCH($AF36,$AD$34:$AD$37,0),) -> Schweiz | AH36: =INDEX($P$34:$P$37,MATCH($AF36,$AD$34:$AD$37,0),) -> 2 | AI36: =INDEX($S$34:$S$37,MATCH($AF36,$AD$34:$AD$37,0),) -> -4 | AJ36: =INDEX($Q$34:$Q$37,MATCH($AF36,$AD$34:$AD$37,0),) -> 2 | AL36: =COUNTIF(Tippa!$J$89:$J$92,Beräkningar!AF36) -> 1 | AM36: =Tippa!J91 -> 3 | AN36: =AM36&"G" -> 3G | AO36: =INDEX(AM34:AM37,MATCH(N36,AG34:AG37,0),) -> 3 | AQ36: Grupp E | AT36: Resultat | AV36: Poäng
B37: Tis 29/11 | C37: 0.66666667 | D37: A4-A1 | E37: =LEFT(D37,2) -> A4 | F37: =RIGHT(D37,2) -> A1 | G37: =INDEX($N$4:$N$42,MATCH(E37,$M$4:$M$42,0)) -> Nederländerna | H37: =INDEX($N$4:$N$42,MATCH(F37,$M$4:$M$42,0)) -> Qatar | I37: =LEFT(D37,1) -> A | J37: =COUNTIF($I$4:I37,I37) -> 6 | K37: =I37&J37 -> A6 | M37: G4 | N37: Kamerun | P37: =SUMIF($AR$53:$AR$58,N37,$AV$53:$AV$58)+SUMIF($AS$53:$AS$58,N37,$AW$53:$AW$58) -> 4 | Q37: =SUMIF($AR$53:$AR$58,N37,$AT$53:$AT$58)+SUMIF($AS$53:$AS$58,N37,$AU$53:$AU$58) -> 3 | R37: =-SUMIF($AR$53:$AR$58,N37,$AU$53:$AU$58)-SUMIF($AS$53:$AS$58,N37,$AT$53:$AT$58) -> -3 | S37: =SUM(Q37:R37) -> 0 | T37: =RANK(P37,$P$34:$P$37,0) -> 2 | U37: =RANK(S37,$S$34:$S$37,0) -> 2 | V37: =RANK(Q37,$Q$34:$Q$37,0) -> 2 | W37: =W36+0.001 -> 0.004 | X37: =IF(COUNTIF($T$34:$T$37,T37)>1,U37,0) -> 0 | Y37: =IF(X37=MAX($X$34:$X$37),0.2,0) -> 0.2 | Z37: =Y37+T37 -> 2.2 | AA37: =IF(COUNTIF($Z$34:$Z$37,Z37)>1,V37,0) -> 0 | AB37: =IF(AA37=MAX($AA$34:$AA$37),0.1,0) -> 0.1 | AC37: =Z37+AB37+W37 -> 2.304 | AD37: =_xlfn.RANK.EQ(AC37,$AC$34:$AC$37,1) -> 2 | AF37: 4 | AG37: =INDEX($N$34:$N$37,MATCH($AF37,$AD$34:$AD$37,0),) -> Serbien | AH37: =INDEX($P$34:$P$37,MATCH($AF37,$AD$34:$AD$37,0),) -> 1 | AI37: =INDEX($S$34:$S$37,MATCH($AF37,$AD$34:$AD$37,0),) -> -2 | AJ37: =INDEX($Q$34:$Q$37,MATCH($AF37,$AD$34:$AD$37,0),) -> 2 | AL37: =COUNTIF(Tippa!$J$89:$J$92,Beräkningar!AF37) -> 1 | AM37: =Tippa!J92 -> 4 | AN37: =AM37&"G" -> 4G | AO37: =INDEX(AM34:AM37,MATCH(N37,AG34:AG37,0),) -> 2 | AP37: =Tippa!A67 -> E1 | AQ37: =Tippa!C67 -> Tyskland - Japan | AR37: =INDEX($G$4:$G$51,MATCH(AP37,$K$4:$K$51,0),) -> Tyskland | AS37: =INDEX($H$4:$H$51,MATCH(AP37,$K$4:$K$51,0),) -> Japan | AT37: =Tippa!G67 -> 3 | AU37: =Tippa!H67 -> 1 | AV37: =IF(AT37="-",0,IF(AT37>AU37,3,IF(AT37=AU37,1,0))) -> 3 | AW37: =IF(AT37="-",0,IF(AU37>AT37,3,IF(AU37=AT37,1,0))) -> 0
B38: Tis 29/11 | C38: 0.83333333 | D38: B2-B3 | E38: =LEFT(D38,2) -> B2 | F38: =RIGHT(D38,2) -> B3 | G38: =INDEX($N$4:$N$42,MATCH(E38,$M$4:$M$42,0)) -> Iran | H38: =INDEX($N$4:$N$42,MATCH(F38,$M$4:$M$42,0)) -> USA | I38: =LEFT(D38,1) -> B | J38: =COUNTIF($I$4:I38,I38) -> 5 | K38: =I38&J38 -> B5 | AP38: =Tippa!A68 -> E2 | AQ38: =Tippa!C68 -> Spanien - Costa Rica | AR38: =INDEX($G$4:$G$51,MATCH(AP38,$K$4:$K$51,0),) -> Spanien | AS38: =INDEX($H$4:$H$51,MATCH(AP38,$K$4:$K$51,0),) -> Costa Rica | AT38: =Tippa!G68 -> 3 | AU38: =Tippa!H68 -> 1 | AV38: =IF(AT38="-",0,IF(AT38>AU38,3,IF(AT38=AU38,1,0))) -> 3 | AW38: =IF(AT38="-",0,IF(AU38>AT38,3,IF(AU38=AT38,1,0))) -> 0
B39: Tis 29/11 | C39: 0.83333333 | D39: B4-B1 | E39: =LEFT(D39,2) -> B4 | F39: =RIGHT(D39,2) -> B1 | G39: =INDEX($N$4:$N$42,MATCH(E39,$M$4:$M$42,0)) -> Wales | H39: =INDEX($N$4:$N$42,MATCH(F39,$M$4:$M$42,0)) -> England | I39: =LEFT(D39,1) -> B | J39: =COUNTIF($I$4:I39,I39) -> 6 | K39: =I39&J39 -> B6 | M39: H1 | N39: Portugal | P39: =SUMIF($AR$61:$AR$66,N39,$AV$61:$AV$66)+SUMIF($AS$61:$AS$66,N39,$AW$61:$AW$66) -> 7 | Q39: =SUMIF($AR$61:$AR$66,N39,$AT$61:$AT$66)+SUMIF($AS$61:$AS$66,N39,$AU$61:$AU$66) -> 6 | R39: =-SUMIF($AR$61:$AR$66,N39,$AU$61:$AU$66)-SUMIF($AS$61:$AS$66,N39,$AT$61:$AT$66) -> -1 | S39: =SUM(Q39:R39) -> 5 | T39: =RANK(P39,$P$39:$P$42,0) -> 1 | U39: =RANK(S39,$S$39:$S$42,0) -> 1 | V39: =RANK(Q39,$Q$39:$Q$42,0) -> 1 | W39: 0.001 | X39: =IF(COUNTIF($T$39:$T$42,T39)>1,U39,0) -> 1 | Y39: =IF(X39=MAX($X$39:$X$42),0.2,0) -> 0 | Z39: =Y39+T39 -> 1 | AA39: =IF(COUNTIF($Z$39:$Z$42,Z39)>1,V39,0) -> 0 | AB39: =IF(AA39=MAX($AA$39:$AA$42),0.1,0) -> 0.1 | AC39: =Z39+AB39+W39 -> 1.101 | AD39: =_xlfn.RANK.EQ(AC39,$AC$39:$AC$42,1) -> 1 | AF39: 1 | AG39: =INDEX($N$39:$N$42,MATCH($AF39,$AD$39:$AD$42,0),) -> Portugal | AH39: =INDEX($P$39:$P$42,MATCH($AF39,$AD$39:$AD$42,0),) -> 7 | AI39: =INDEX($S$39:$S$42,MATCH($AF39,$AD$39:$AD$42,0),) -> 5 | AJ39: =INDEX($Q$39:$Q$42,MATCH($AF39,$AD$39:$AD$42,0),) -> 6 | AL39: =COUNTIF(Tippa!$J$100:$J$103,Beräkningar!AF39) -> 1 | AM39: =Tippa!J100 -> 1 | AN39: =AM39&"H" -> 1H | AO39: =INDEX(AM39:AM42,MATCH(N39,AG39:AG42,0),) -> 1 | AP39: =Tippa!A69 -> E3 | AQ39: =Tippa!C69 -> Japan - Costa Rica | AR39: =INDEX($G$4:$G$51,MATCH(AP39,$K$4:$K$51,0),) -> Japan | AS39: =INDEX($H$4:$H$51,MATCH(AP39,$K$4:$K$51,0),) -> Costa Rica | AT39: =Tippa!G69 -> 1 | AU39: =Tippa!H69 -> 0 | AV39: =IF(AT39="-",0,IF(AT39>AU39,3,IF(AT39=AU39,1,0))) -> 3 | AW39: =IF(AT39="-",0,IF(AU39>AT39,3,IF(AU39=AT39,1,0))) -> 0
B40: Ons 30/11 | C40: 0.83333333 | D40: C2-C3 | E40: =LEFT(D40,2) -> C2 | F40: =RIGHT(D40,2) -> C3 | G40: =INDEX($N$4:$N$42,MATCH(E40,$M$4:$M$42,0)) -> Saudiarabien | H40: =INDEX($N$4:$N$42,MATCH(F40,$M$4:$M$42,0)) -> Mexiko | I40: =LEFT(D40,1) -> C | J40: =COUNTIF($I$4:I40,I40) -> 5 | K40: =I40&J40 -> C5 | M40: H2 | N40: Ghana | P40: =SUMIF($AR$61:$AR$66,N40,$AV$61:$AV$66)+SUMIF($AS$61:$AS$66,N40,$AW$61:$AW$66) -> 3 | Q40: =SUMIF($AR$61:$AR$66,N40,$AT$61:$AT$66)+SUMIF($AS$61:$AS$66,N40,$AU$61:$AU$66) -> 1 | R40: =-SUMIF($AR$61:$AR$66,N40,$AU$61:$AU$66)-SUMIF($AS$61:$AS$66,N40,$AT$61:$AT$66) -> -5 | S40: =SUM(Q40:R40) -> -4 | T40: =RANK(P40,$P$39:$P$42,0) -> 3 | U40: =RANK(S40,$S$39:$S$42,0) -> 3 | V40: =RANK(Q40,$Q$39:$Q$42,0) -> 3 | W40: =W39+0.001 -> 0.002 | X40: =IF(COUNTIF($T$39:$T$42,T40)>1,U40,0) -> 0 | Y40: =IF(X40=MAX($X$39:$X$42),0.2,0) -> 0 | Z40: =Y40+T40 -> 3 | AA40: =IF(COUNTIF($Z$39:$Z$42,Z40)>1,V40,0) -> 0 | AB40: =IF(AA40=MAX($AA$39:$AA$42),0.1,0) -> 0.1 | AC40: =Z40+AB40+W40 -> 3.102 | AD40: =_xlfn.RANK.EQ(AC40,$AC$39:$AC$42,1) -> 3 | AF40: 2 | AG40: =INDEX($N$39:$N$42,MATCH($AF40,$AD$39:$AD$42,0),) -> Uruguay | AH40: =INDEX($P$39:$P$42,MATCH($AF40,$AD$39:$AD$42,0),) -> 7 | AI40: =INDEX($S$39:$S$42,MATCH($AF40,$AD$39:$AD$42,0),) -> 4 | AJ40: =INDEX($Q$39:$Q$42,MATCH($AF40,$AD$39:$AD$42,0),) -> 5 | AL40: =COUNTIF(Tippa!$J$100:$J$103,Beräkningar!AF40) -> 1 | AM40: =Tippa!J101 -> 2 | AN40: =AM40&"H" -> 2H | AO40: =INDEX(AM39:AM42,MATCH(N40,AG39:AG42,0),) -> 3 | AP40: =Tippa!A70 -> E4 | AQ40: =Tippa!C70 -> Spanien - Tyskland | AR40: =INDEX($G$4:$G$51,MATCH(AP40,$K$4:$K$51,0),) -> Spanien | AS40: =INDEX($H$4:$H$51,MATCH(AP40,$K$4:$K$51,0),) -> Tyskland | AT40: =Tippa!G70 -> 2 | AU40: =Tippa!H70 -> 2 | AV40: =IF(AT40="-",0,IF(AT40>AU40,3,IF(AT40=AU40,1,0))) -> 1 | AW40: =IF(AT40="-",0,IF(AU40>AT40,3,IF(AU40=AT40,1,0))) -> 1
B41: Ons 30/11 | C41: 0.83333333 | D41: C4-C1 | E41: =LEFT(D41,2) -> C4 | F41: =RIGHT(D41,2) -> C1 | G41: =INDEX($N$4:$N$42,MATCH(E41,$M$4:$M$42,0)) -> Polen | H41: =INDEX($N$4:$N$42,MATCH(F41,$M$4:$M$42,0)) -> Argentina | I41: =LEFT(D41,1) -> C | J41: =COUNTIF($I$4:I41,I41) -> 6 | K41: =I41&J41 -> C6 | M41: H3 | N41: Uruguay | P41: =SUMIF($AR$61:$AR$66,N41,$AV$61:$AV$66)+SUMIF($AS$61:$AS$66,N41,$AW$61:$AW$66) -> 7 | Q41: =SUMIF($AR$61:$AR$66,N41,$AT$61:$AT$66)+SUMIF($AS$61:$AS$66,N41,$AU$61:$AU$66) -> 5 | R41: =-SUMIF($AR$61:$AR$66,N41,$AU$61:$AU$66)-SUMIF($AS$61:$AS$66,N41,$AT$61:$AT$66) -> -1 | S41: =SUM(Q41:R41) -> 4 | T41: =RANK(P41,$P$39:$P$42,0) -> 1 | U41: =RANK(S41,$S$39:$S$42,0) -> 2 | V41: =RANK(Q41,$Q$39:$Q$42,0) -> 2 | W41: =W40+0.001 -> 0.003 | X41: =IF(COUNTIF($T$39:$T$42,T41)>1,U41,0) -> 2 | Y41: =IF(X41=MAX($X$39:$X$42),0.2,0) -> 0.2 | Z41: =Y41+T41 -> 1.2 | AA41: =IF(COUNTIF($Z$39:$Z$42,Z41)>1,V41,0) -> 0 | AB41: =IF(AA41=MAX($AA$39:$AA$42),0.1,0) -> 0.1 | AC41: =Z41+AB41+W41 -> 1.303 | AD41: =_xlfn.RANK.EQ(AC41,$AC$39:$AC$42,1) -> 2 | AF41: 3 | AG41: =INDEX($N$39:$N$42,MATCH($AF41,$AD$39:$AD$42,0),) -> Ghana | AH41: =INDEX($P$39:$P$42,MATCH($AF41,$AD$39:$AD$42,0),) -> 3 | AI41: =INDEX($S$39:$S$42,MATCH($AF41,$AD$39:$AD$42,0),) -> -4 | AJ41: =INDEX($Q$39:$Q$42,MATCH($AF41,$AD$39:$AD$42,0),) -> 1 | AL41: =COUNTIF(Tippa!$J$100:$J$103,Beräkningar!AF41) -> 1 | AM41: =Tippa!J102 -> 3 | AN41: =AM41&"H" -> 3H | AO41: =INDEX(AM39:AM42,MATCH(N41,AG39:AG42,0),) -> 2 | AP41: =Tippa!A71 -> E5 | AQ41: =Tippa!C71 -> Costa Rica - Tyskland | AR41: =INDEX($G$4:$G$51,MATCH(AP41,$K$4:$K$51,0),) -> Costa Rica | AS41: =INDEX($H$4:$H$51,MATCH(AP41,$K$4:$K$51,0),) -> Tyskland | AT41: =Tippa!G71 -> 0 | AU41: =Tippa!H71 -> 5 | AV41: =IF(AT41="-",0,IF(AT41>AU41,3,IF(AT41=AU41,1,0))) -> 0 | AW41: =IF(AT41="-",0,IF(AU41>AT41,3,IF(AU41=AT41,1,0))) -> 3
B42: Ons 30/11 | C42: 0.66666667 | D42: D2-D3 | E42: =LEFT(D42,2) -> D2 | F42: =RIGHT(D42,2) -> D3 | G42: =INDEX($N$4:$N$42,MATCH(E42,$M$4:$M$42,0)) -> Australien | H42: =INDEX($N$4:$N$42,MATCH(F42,$M$4:$M$42,0)) -> Danmark | I42: =LEFT(D42,1) -> D | J42: =COUNTIF($I$4:I42,I42) -> 5 | K42: =I42&J42 -> D5 | M42: H4 | N42: Sydkorea | P42: =SUMIF($AR$61:$AR$66,N42,$AV$61:$AV$66)+SUMIF($AS$61:$AS$66,N42,$AW$61:$AW$66) -> 0 | Q42: =SUMIF($AR$61:$AR$66,N42,$AT$61:$AT$66)+SUMIF($AS$61:$AS$66,N42,$AU$61:$AU$66) -> 0 | R42: =-SUMIF($AR$61:$AR$66,N42,$AU$61:$AU$66)-SUMIF($AS$61:$AS$66,N42,$AT$61:$AT$66) -> -5 | S42: =SUM(Q42:R42) -> -5 | T42: =RANK(P42,$P$39:$P$42,0) -> 4 | U42: =RANK(S42,$S$39:$S$42,0) -> 4 | V42: =RANK(Q42,$Q$39:$Q$42,0) -> 4 | W42: =W41+0.001 -> 0.004 | X42: =IF(COUNTIF($T$39:$T$42,T42)>1,U42,0) -> 0 | Y42: =IF(X42=MAX($X$39:$X$42),0.2,0) -> 0 | Z42: =Y42+T42 -> 4 | AA42: =IF(COUNTIF($Z$39:$Z$42,Z42)>1,V42,0) -> 0 | AB42: =IF(AA42=MAX($AA$39:$AA$42),0.1,0) -> 0.1 | AC42: =Z42+AB42+W42 -> 4.104 | AD42: =_xlfn.RANK.EQ(AC42,$AC$39:$AC$42,1) -> 4 | AF42: 4 | AG42: =INDEX($N$39:$N$42,MATCH($AF42,$AD$39:$AD$42,0),) -> Sydkorea | AH42: =INDEX($P$39:$P$42,MATCH($AF42,$AD$39:$AD$42,0),) -> 0 | AI42: =INDEX($S$39:$S$42,MATCH($AF42,$AD$39:$AD$42,0),) -> -5 | AJ42: =INDEX($Q$39:$Q$42,MATCH($AF42,$AD$39:$AD$42,0),) -> 0 | AL42: =COUNTIF(Tippa!$J$100:$J$103,Beräkningar!AF42) -> 1 | AM42: =Tippa!J103 -> 4 | AN42: =AM42&"H" -> 4H | AO42: =INDEX(AM39:AM42,MATCH(N42,AG39:AG42,0),) -> 4 | AP42: =Tippa!A72 -> E6 | AQ42: =Tippa!C72 -> Japan - Spanien | AR42: =INDEX($G$4:$G$51,MATCH(AP42,$K$4:$K$51,0),) -> Japan | AS42: =INDEX($H$4:$H$51,MATCH(AP42,$K$4:$K$51,0),) -> Spanien | AT42: =Tippa!G72 -> 1 | AU42: =Tippa!H72 -> 1 | AV42: =IF(AT42="-",0,IF(AT42>AU42,3,IF(AT42=AU42,1,0))) -> 1 | AW42: =IF(AT42="-",0,IF(AU42>AT42,3,IF(AU42=AT42,1,0))) -> 1
B43: Ons 30/11 | C43: 0.66666667 | D43: D4-D1 | E43: =LEFT(D43,2) -> D4 | F43: =RIGHT(D43,2) -> D1 | G43: =INDEX($N$4:$N$42,MATCH(E43,$M$4:$M$42,0)) -> Tunisien | H43: =INDEX($N$4:$N$42,MATCH(F43,$M$4:$M$42,0)) -> Frankrike | I43: =LEFT(D43,1) -> D | J43: =COUNTIF($I$4:I43,I43) -> 6 | K43: =I43&J43 -> D6
B44: Tor 1/12 | C44: 0.83333333 | D44: E2-E3 | E44: =LEFT(D44,2) -> E2 | F44: =RIGHT(D44,2) -> E3 | G44: =INDEX($N$4:$N$42,MATCH(E44,$M$4:$M$42,0)) -> Costa Rica | H44: =INDEX($N$4:$N$42,MATCH(F44,$M$4:$M$42,0)) -> Tyskland | I44: =LEFT(D44,1) -> E | J44: =COUNTIF($I$4:I44,I44) -> 5 | K44: =I44&J44 -> E5 | AQ44: Grupp F | AT44: Resultat | AV44: Poäng
B45: Tor 1/12 | C45: 0.83333333 | D45: E4-E1 | E45: =LEFT(D45,2) -> E4 | F45: =RIGHT(D45,2) -> E1 | G45: =INDEX($N$4:$N$42,MATCH(E45,$M$4:$M$42,0)) -> Japan | H45: =INDEX($N$4:$N$42,MATCH(F45,$M$4:$M$42,0)) -> Spanien | I45: =LEFT(D45,1) -> E | J45: =COUNTIF($I$4:I45,I45) -> 6 | K45: =I45&J45 -> E6 | AP45: =Tippa!A78 -> F1 | AQ45: =Tippa!C78 -> Belgien - Kanada | AR45: =INDEX($G$4:$G$51,MATCH(AP45,$K$4:$K$51,0),) -> Belgien | AS45: =INDEX($H$4:$H$51,MATCH(AP45,$K$4:$K$51,0),) -> Kanada | AT45: =Tippa!G78 -> 3 | AU45: =Tippa!H78 -> 0 | AV45: =IF(AT45="-",0,IF(AT45>AU45,3,IF(AT45=AU45,1,0))) -> 3 | AW45: =IF(AT45="-",0,IF(AU45>AT45,3,IF(AU45=AT45,1,0))) -> 0
B46: Tor 1/12 | C46: 0.66666667 | D46: F2-F3 | E46: =LEFT(D46,2) -> F2 | F46: =RIGHT(D46,2) -> F3 | G46: =INDEX($N$4:$N$42,MATCH(E46,$M$4:$M$42,0)) -> Kanada | H46: =INDEX($N$4:$N$42,MATCH(F46,$M$4:$M$42,0)) -> Marocko | I46: =LEFT(D46,1) -> F | J46: =COUNTIF($I$4:I46,I46) -> 5 | K46: =I46&J46 -> F5 | AP46: =Tippa!A79 -> F2 | AQ46: =Tippa!C79 -> Marocko - Kroatien | AR46: =INDEX($G$4:$G$51,MATCH(AP46,$K$4:$K$51,0),) -> Marocko | AS46: =INDEX($H$4:$H$51,MATCH(AP46,$K$4:$K$51,0),) -> Kroatien | AT46: =Tippa!G79 -> 0 | AU46: =Tippa!H79 -> 2 | AV46: =IF(AT46="-",0,IF(AT46>AU46,3,IF(AT46=AU46,1,0))) -> 0 | AW46: =IF(AT46="-",0,IF(AU46>AT46,3,IF(AU46=AT46,1,0))) -> 3
B47: Tor 1/12 | C47: 0.66666667 | D47: F4-F1 | E47: =LEFT(D47,2) -> F4 | F47: =RIGHT(D47,2) -> F1 | G47: =INDEX($N$4:$N$42,MATCH(E47,$M$4:$M$42,0)) -> Kroatien | H47: =INDEX($N$4:$N$42,MATCH(F47,$M$4:$M$42,0)) -> Belgien | I47: =LEFT(D47,1) -> F | J47: =COUNTIF($I$4:I47,I47) -> 6 | K47: =I47&J47 -> F6 | AP47: =Tippa!A80 -> F3 | AQ47: =Tippa!C80 -> Belgien - Marocko | AR47: =INDEX($G$4:$G$51,MATCH(AP47,$K$4:$K$51,0),) -> Belgien | AS47: =INDEX($H$4:$H$51,MATCH(AP47,$K$4:$K$51,0),) -> Marocko | AT47: =Tippa!G80 -> 2 | AU47: =Tippa!H80 -> 0 | AV47: =IF(AT47="-",0,IF(AT47>AU47,3,IF(AT47=AU47,1,0))) -> 3 | AW47: =IF(AT47="-",0,IF(AU47>AT47,3,IF(AU47=AT47,1,0))) -> 0
B48: Fre 2/12 | C48: 0.66666667 | D48: H2-H3 | E48: =LEFT(D48,2) -> H2 | F48: =RIGHT(D48,2) -> H3 | G48: =INDEX($N$4:$N$42,MATCH(E48,$M$4:$M$42,0)) -> Ghana | H48: =INDEX($N$4:$N$42,MATCH(F48,$M$4:$M$42,0)) -> Uruguay | I48: =LEFT(D48,1) -> H | J48: =COUNTIF($I$4:I48,I48) -> 5 | K48: =I48&J48 -> H5 | AP48: =Tippa!A81 -> F4 | AQ48: =Tippa!C81 -> Kroatien - Kanada | AR48: =INDEX($G$4:$G$51,MATCH(AP48,$K$4:$K$51,0),) -> Kroatien | AS48: =INDEX($H$4:$H$51,MATCH(AP48,$K$4:$K$51,0),) -> Kanada | AT48: =Tippa!G81 -> 3 | AU48: =Tippa!H81 -> 0 | AV48: =IF(AT48="-",0,IF(AT48>AU48,3,IF(AT48=AU48,1,0))) -> 3 | AW48: =IF(AT48="-",0,IF(AU48>AT48,3,IF(AU48=AT48,1,0))) -> 0
B49: Fre 2/12 | C49: 0.66666667 | D49: H4-H1 | E49: =LEFT(D49,2) -> H4 | F49: =RIGHT(D49,2) -> H1 | G49: =INDEX($N$4:$N$42,MATCH(E49,$M$4:$M$42,0)) -> Sydkorea | H49: =INDEX($N$4:$N$42,MATCH(F49,$M$4:$M$42,0)) -> Portugal | I49: =LEFT(D49,1) -> H | J49: =COUNTIF($I$4:I49,I49) -> 6 | K49: =I49&J49 -> H6 | AP49: =Tippa!A82 -> F5 | AQ49: =Tippa!C82 -> Kanada - Marocko | AR49: =INDEX($G$4:$G$51,MATCH(AP49,$K$4:$K$51,0),) -> Kanada | AS49: =INDEX($H$4:$H$51,MATCH(AP49,$K$4:$K$51,0),) -> Marocko | AT49: =Tippa!G82 -> 0 | AU49: =Tippa!H82 -> 1 | AV49: =IF(AT49="-",0,IF(AT49>AU49,3,IF(AT49=AU49,1,0))) -> 0 | AW49: =IF(AT49="-",0,IF(AU49>AT49,3,IF(AU49=AT49,1,0))) -> 3
B50: Fre 2/12 | C50: 0.83333333 | D50: G2-G3 | E50: =LEFT(D50,2) -> G2 | F50: =RIGHT(D50,2) -> G3 | G50: =INDEX($N$4:$N$42,MATCH(E50,$M$4:$M$42,0)) -> Serbien | H50: =INDEX($N$4:$N$42,MATCH(F50,$M$4:$M$42,0)) -> Schweiz | I50: =LEFT(D50,1) -> G | J50: =COUNTIF($I$4:I50,I50) -> 5 | K50: =I50&J50 -> G5 | AP50: =Tippa!A83 -> F6 | AQ50: =Tippa!C83 -> Kroatien - Belgien | AR50: =INDEX($G$4:$G$51,MATCH(AP50,$K$4:$K$51,0),) -> Kroatien | AS50: =INDEX($H$4:$H$51,MATCH(AP50,$K$4:$K$51,0),) -> Belgien | AT50: =Tippa!G83 -> 1 | AU50: =Tippa!H83 -> 2 | AV50: =IF(AT50="-",0,IF(AT50>AU50,3,IF(AT50=AU50,1,0))) -> 0 | AW50: =IF(AT50="-",0,IF(AU50>AT50,3,IF(AU50=AT50,1,0))) -> 3
B51: Fre 2/12 | C51: 0.83333333 | D51: G4-G1 | E51: =LEFT(D51,2) -> G4 | F51: =RIGHT(D51,2) -> G1 | G51: =INDEX($N$4:$N$42,MATCH(E51,$M$4:$M$42,0)) -> Kamerun | H51: =INDEX($N$4:$N$42,MATCH(F51,$M$4:$M$42,0)) -> Brasilien | I51: =LEFT(D51,1) -> G | J51: =COUNTIF($I$4:I51,I51) -> 6 | K51: =I51&J51 -> G6 | N51: Åttondelsfinal 1 | R51: Kvartsfinal 1 | U51: Semifinal 1 | X51: Final | AA51: Placeringar
N52: =G54 -> Nederländerna | O52: =H54 -> USA | R52: =IF(Tippa!Q24=0,"BILDFRI",Tippa!Q24) -> Nederländerna | S52: =IF(Tippa!Q28=0,"BILDFRI",Tippa!Q28) -> Argentina | U52: =IF(Tippa!R26=0,"BILDFRI",Tippa!R26) -> Argentina | V52: =IF(Tippa!R35=0,"BILDFRI",Tippa!R35) -> Brasilien | X52: =IF(Tippa!S29=0,"BILDFRI",Tippa!S29) -> Brasilien | Y52: =IF(Tippa!U29=0,"BILDFRI",Tippa!U29) -> Frankrike | Z52: 1 | AA52: =IF(Tippa!T28=0,"BILDFRI",Tippa!T28) -> Brasilien | AQ52: Grupp G | AT52: Resultat | AV52: Poäng
B53: Lör 3/12 | C53: 0.83333333 | D53: Vinnare grupp C-Tvåa grupp D | E53: 1C | F53: 2D | G53: =INDEX($AG$4:$AG$42,MATCH(E53,$AN$4:$AN$42,0),) -> Argentina | H53: =INDEX($AG$4:$AG$42,MATCH(F53,$AN$4:$AN$42,0),) -> Danmark | Z53: 2 | AA53: =IF(AA52=X52,Y52,X52) -> Frankrike | AP53: =Tippa!A89 -> G1 | AQ53: =Tippa!C89 -> Brasilien - Serbien | AR53: =INDEX($G$4:$G$51,MATCH(AP53,$K$4:$K$51,0),) -> Brasilien | AS53: =INDEX($H$4:$H$51,MATCH(AP53,$K$4:$K$51,0),) -> Serbien | AT53: =Tippa!G89 -> 2 | AU53: =Tippa!H89 -> 1 | AV53: =IF(AT53="-",0,IF(AT53>AU53,3,IF(AT53=AU53,1,0))) -> 3 | AW53: =IF(AT53="-",0,IF(AU53>AT53,3,IF(AU53=AT53,1,0))) -> 0
B54: Lör 3/12 | C54: 0.66666667 | D54: Vinnare grupp A-Tvåa grupp B | E54: 1A | F54: 2B | G54: =INDEX($AG$4:$AG$42,MATCH(E54,$AN$4:$AN$42,0),) -> Nederländerna | H54: =INDEX($AG$4:$AG$42,MATCH(F54,$AN$4:$AN$42,0),) -> USA | N54: Åttondelsfinal 2 | R54: Kvartsfinal 2 | Z54: 3 | AA54: =IF(Tippa!T32=0,"BILDFRI",Tippa!T32) -> Spanien | AP54: =Tippa!A90 -> G2 | AQ54: =Tippa!C90 -> Schweiz - Kamerun | AR54: =INDEX($G$4:$G$51,MATCH(AP54,$K$4:$K$51,0),) -> Schweiz | AS54: =INDEX($H$4:$H$51,MATCH(AP54,$K$4:$K$51,0),) -> Kamerun | AT54: =Tippa!G90 -> 1 | AU54: =Tippa!H90 -> 1 | AV54: =IF(AT54="-",0,IF(AT54>AU54,3,IF(AT54=AU54,1,0))) -> 1 | AW54: =IF(AT54="-",0,IF(AU54>AT54,3,IF(AU54=AT54,1,0))) -> 1
N55: =G53 -> Argentina | O55: =H53 -> Danmark | R55: =IF(Tippa!W24=0,"BILDFRI",Tippa!W24) -> England | S55: =IF(Tippa!W28=0,"BILDFRI",Tippa!W28) -> Frankrike | Z55: 4 | AA55: =IF(AA54=X70,Y70,X70) -> Argentina | AP55: =Tippa!A91 -> G3 | AQ55: =Tippa!C91 -> Kamerun - Serbien | AR55: =INDEX($G$4:$G$51,MATCH(AP55,$K$4:$K$51,0),) -> Kamerun | AS55: =INDEX($H$4:$H$51,MATCH(AP55,$K$4:$K$51,0),) -> Serbien | AT55: =Tippa!G91 -> 1 | AU55: =Tippa!H91 -> 0 | AV55: =IF(AT55="-",0,IF(AT55>AU55,3,IF(AT55=AU55,1,0))) -> 3 | AW55: =IF(AT55="-",0,IF(AU55>AT55,3,IF(AU55=AT55,1,0))) -> 0
B56: Sön 4/12 | C56: 0.83333333 | D56: Vinnare grupp B-Tvåa grupp A | E56: 1B | F56: 2A | G56: =INDEX($AG$4:$AG$42,MATCH(E56,$AN$4:$AN$42,0),) -> England | H56: =INDEX($AG$4:$AG$42,MATCH(F56,$AN$4:$AN$42,0),) -> Senegal | AP56: =Tippa!A92 -> G4 | AQ56: =Tippa!C92 -> Brasilien - Schweiz | AR56: =INDEX($G$4:$G$51,MATCH(AP56,$K$4:$K$51,0),) -> Brasilien | AS56: =INDEX($H$4:$H$51,MATCH(AP56,$K$4:$K$51,0),) -> Schweiz | AT56: =Tippa!G92 -> 4 | AU56: =Tippa!H92 -> 0 | AV56: =IF(AT56="-",0,IF(AT56>AU56,3,IF(AT56=AU56,1,0))) -> 3 | AW56: =IF(AT56="-",0,IF(AU56>AT56,3,IF(AU56=AT56,1,0))) -> 0
B57: Sön 4/12 | C57: 0.66666667 | D57: Vinnare grupp D-Tvåa grupp C | E57: 1D | F57: 2C | G57: =INDEX($AG$4:$AG$42,MATCH(E57,$AN$4:$AN$42,0),) -> Frankrike | H57: =INDEX($AG$4:$AG$42,MATCH(F57,$AN$4:$AN$42,0),) -> Mexiko | N57: Åttondelsfinal 3 | AP57: =Tippa!A93 -> G5 | AQ57: =Tippa!C93 -> Serbien - Schweiz | AR57: =INDEX($G$4:$G$51,MATCH(AP57,$K$4:$K$51,0),) -> Serbien | AS57: =INDEX($H$4:$H$51,MATCH(AP57,$K$4:$K$51,0),) -> Schweiz | AT57: =Tippa!G93 -> 1 | AU57: =Tippa!H93 -> 1 | AV57: =IF(AT57="-",0,IF(AT57>AU57,3,IF(AT57=AU57,1,0))) -> 1 | AW57: =IF(AT57="-",0,IF(AU57>AT57,3,IF(AU57=AT57,1,0))) -> 1
N58: =G56 -> England | O58: =H56 -> Senegal | AP58: =Tippa!A94 -> G6 | AQ58: =Tippa!C94 -> Kamerun - Brasilien | AR58: =INDEX($G$4:$G$51,MATCH(AP58,$K$4:$K$51,0),) -> Kamerun | AS58: =INDEX($H$4:$H$51,MATCH(AP58,$K$4:$K$51,0),) -> Brasilien | AT58: =Tippa!G94 -> 1 | AU58: =Tippa!H94 -> 2 | AV58: =IF(AT58="-",0,IF(AT58>AU58,3,IF(AT58=AU58,1,0))) -> 0 | AW58: =IF(AT58="-",0,IF(AU58>AT58,3,IF(AU58=AT58,1,0))) -> 3
B59: Mån 5/12 | C59: 0.66666667 | D59: Vinnare grupp E-Tvåa grupp F | E59: 1E | F59: 2F | G59: =INDEX($AG$4:$AG$42,MATCH(E59,$AN$4:$AN$42,0),) -> Tyskland | H59: =INDEX($AG$4:$AG$42,MATCH(F59,$AN$4:$AN$42,0),) -> Kroatien
B60: Mån 5/12 | C60: 0.83333333 | D60: Vinnare grupp G-Tvåa grupp H | E60: 1G | F60: 2H | G60: =INDEX($AG$4:$AG$42,MATCH(E60,$AN$4:$AN$42,0),) -> Brasilien | H60: =INDEX($AG$4:$AG$42,MATCH(F60,$AN$4:$AN$42,0),) -> Uruguay | N60: Åttondelsfinal 4 | AQ60: Grupp H | AT60: Resultat | AV60: Poäng
N61: =G57 -> Frankrike | O61: =H57 -> Mexiko | AP61: =Tippa!A100 -> H1 | AQ61: =Tippa!C100 -> Portugal - Ghana | AR61: =INDEX($G$4:$G$51,MATCH(AP61,$K$4:$K$51,0),) -> Portugal | AS61: =INDEX($H$4:$H$51,MATCH(AP61,$K$4:$K$51,0),) -> Ghana | AT61: =Tippa!G100 -> 3 | AU61: =Tippa!H100 -> 0 | AV61: =IF(AT61="-",0,IF(AT61>AU61,3,IF(AT61=AU61,1,0))) -> 3 | AW61: =IF(AT61="-",0,IF(AU61>AT61,3,IF(AU61=AT61,1,0))) -> 0
B62: Tis 6/12 | C62: 0.66666667 | D62: Vinnare grupp F-Tvåa grupp E | E62: 1F | F62: 2E | G62: =INDEX($AG$4:$AG$42,MATCH(E62,$AN$4:$AN$42,0),) -> Belgien | H62: =INDEX($AG$4:$AG$42,MATCH(F62,$AN$4:$AN$42,0),) -> Spanien | AP62: =Tippa!A101 -> H2 | AQ62: =Tippa!C101 -> Uruguay - Sydkorea | AR62: =INDEX($G$4:$G$51,MATCH(AP62,$K$4:$K$51,0),) -> Uruguay | AS62: =INDEX($H$4:$H$51,MATCH(AP62,$K$4:$K$51,0),) -> Sydkorea | AT62: =Tippa!G101 -> 2 | AU62: =Tippa!H101 -> 0 | AV62: =IF(AT62="-",0,IF(AT62>AU62,3,IF(AT62=AU62,1,0))) -> 3 | AW62: =IF(AT62="-",0,IF(AU62>AT62,3,IF(AU62=AT62,1,0))) -> 0
B63: Tis 6/12 | C63: 0.83333333 | D63: Vinnare grupp H-Tvåa grupp G | E63: 1H | F63: 2G | G63: =INDEX($AG$4:$AG$42,MATCH(E63,$AN$4:$AN$42,0),) -> Portugal | H63: =INDEX($AG$4:$AG$42,MATCH(F63,$AN$4:$AN$42,0),) -> Kamerun | AP63: =Tippa!A102 -> H3 | AQ63: =Tippa!C102 -> Portugal - Uruguay | AR63: =INDEX($G$4:$G$51,MATCH(AP63,$K$4:$K$51,0),) -> Portugal | AS63: =INDEX($H$4:$H$51,MATCH(AP63,$K$4:$K$51,0),) -> Uruguay | AT63: =Tippa!G102 -> 1 | AU63: =Tippa!H102 -> 1 | AV63: =IF(AT63="-",0,IF(AT63>AU63,3,IF(AT63=AU63,1,0))) -> 1 | AW63: =IF(AT63="-",0,IF(AU63>AT63,3,IF(AU63=AT63,1,0))) -> 1
AP64: =Tippa!A103 -> H4 | AQ64: =Tippa!C103 -> Sydkorea - Ghana | AR64: =INDEX($G$4:$G$51,MATCH(AP64,$K$4:$K$51,0),) -> Sydkorea | AS64: =INDEX($H$4:$H$51,MATCH(AP64,$K$4:$K$51,0),) -> Ghana | AT64: =Tippa!G103 -> 0 | AU64: =Tippa!H103 -> 1 | AV64: =IF(AT64="-",0,IF(AT64>AU64,3,IF(AT64=AU64,1,0))) -> 0 | AW64: =IF(AT64="-",0,IF(AU64>AT64,3,IF(AU64=AT64,1,0))) -> 3
B65: Fre 9/12 | C65: 0.66666667 | D65: Kvartsfinal 1 | AP65: =Tippa!A104 -> H5 | AQ65: =Tippa!C104 -> Ghana - Uruguay | AR65: =INDEX($G$4:$G$51,MATCH(AP65,$K$4:$K$51,0),) -> Ghana | AS65: =INDEX($H$4:$H$51,MATCH(AP65,$K$4:$K$51,0),) -> Uruguay | AT65: =Tippa!G104 -> 0 | AU65: =Tippa!H104 -> 2 | AV65: =IF(AT65="-",0,IF(AT65>AU65,3,IF(AT65=AU65,1,0))) -> 0 | AW65: =IF(AT65="-",0,IF(AU65>AT65,3,IF(AU65=AT65,1,0))) -> 3
B66: Fre 9/12 | C66: 0.83333333 | D66: Kvartsfinal 2 | AP66: =Tippa!A105 -> H6 | AQ66: =Tippa!C105 -> Sydkorea - Portugal | AR66: =INDEX($G$4:$G$51,MATCH(AP66,$K$4:$K$51,0),) -> Sydkorea | AS66: =INDEX($H$4:$H$51,MATCH(AP66,$K$4:$K$51,0),) -> Portugal | AT66: =Tippa!G105 -> 0 | AU66: =Tippa!H105 -> 2 | AV66: =IF(AT66="-",0,IF(AT66>AU66,3,IF(AT66=AU66,1,0))) -> 0 | AW66: =IF(AT66="-",0,IF(AU66>AT66,3,IF(AU66=AT66,1,0))) -> 3
B68: Lör 10/12 | C68: 0.66666667 | D68: Kvartsfinal 3
B69: Lör 10/12 | C69: 0.83333333 | D69: Kvartsfinal 4 | N69: Åttondelsfinal 5 | R69: Kvartsfinal 3 | U69: Semifinal 2 | X69: Bronsmatch
N70: =G59 -> Tyskland | O70: =H59 -> Kroatien | R70: =IF(Tippa!Q33=0,"BILDFRI",Tippa!Q33) -> Tyskland | S70: =IF(Tippa!Q37=0,"BILDFRI",Tippa!Q37) -> Brasilien | U70: =IF(Tippa!V26=0,"BILDFRI",Tippa!V26) -> Frankrike | V70: =IF(Tippa!V35=0,"BILDFRI",Tippa!V35) -> Spanien | X70: =IF(X52=U52,V52,U52) -> Argentina | Y70: =IF(Y52=U70,V70,U70) -> Spanien
B71: Tis 13/12 | C71: 0.83333333 | D71: Semifinal 1
N72: Åttondelsfinal 6 | R72: Kvartsfinal 4
B73: Ons 14/12 | C73: 0.83333333 | D73: Semifinal 2 | N73: =G60 -> Brasilien | O73: =H60 -> Uruguay | R73: =IF(Tippa!W33=0,"BILDFRI",Tippa!W33) -> Spanien | S73: =IF(Tippa!W37=0,"BILDFRI",Tippa!W37) -> Portugal
B75: Lör 17/12 | C75: 0.66666667 | D75: Bronsmatch | N75: Åttondelsfinal 7
N76: =G62 -> Belgien | O76: =H62 -> Spanien
B77: Sön 18/12 | C77: 0.66666667 | D77: Final
N78: Åttondelsfinal 8
N79: =G63 -> Portugal | O79: =H63 -> Kamerun
D82: Lag i bokstavsordning | L82: Ditt tips
D83: * | L83: Lag i åttondel | N83: Lag i kvartsfinal | O83: Kontroll | P83: Lag i semifinal | Q83: Kontroll | R83: Placeringar | S83: Kontroll
D84: Argentina | L84: - | N84: - | P84: - | R84: - | U84: =IF(SUM(O85:O92)=8,0,SUM(O85:O92,Q85:Q92,S85:S96)) -> 0
D85: Australien | L85: =N52 -> Nederländerna | N85: =R52 -> Nederländerna | O85: =IFERROR(IF(MATCH(N85,$L$85:$L$100,0)>0,0,1),1) -> 0 | P85: =U52 -> Argentina | Q85: =IFERROR(IF(MATCH(P85,$L$85:$L$100,0)>0,0,1),1) -> 0 | R85: =AA52 -> Brasilien | S85: =IFERROR(IF(MATCH(R85,$P$85:$P$88,0)>0,0,1),1) -> 0
D86: Belgien | L86: =O52 -> USA | N86: =S52 -> Argentina | O86: =IFERROR(IF(MATCH(N86,$L$85:$L$100,0)>0,0,1),1) -> 0 | P86: =V52 -> Brasilien | Q86: =IFERROR(IF(MATCH(P86,$L$85:$L$100,0)>0,0,1),1) -> 0 | R86: =AA53 -> Frankrike | S86: =IFERROR(IF(MATCH(R86,$P$85:$P$88,0)>0,0,1),1) -> 0
D87: Brasilien | L87: =N55 -> Argentina | N87: =R55 -> England | O87: =IFERROR(IF(MATCH(N87,$L$85:$L$100,0)>0,0,1),1) -> 0 | P87: =U70 -> Frankrike | Q87: =IFERROR(IF(MATCH(P87,$L$85:$L$100,0)>0,0,1),1) -> 0 | R87: =AA54 -> Spanien | S87: =IFERROR(IF(MATCH(R87,$P$85:$P$88,0)>0,0,1),1) -> 0
D88: Costa Rica | L88: =O55 -> Danmark | N88: =S55 -> Frankrike | O88: =IFERROR(IF(MATCH(N88,$L$85:$L$100,0)>0,0,1),1) -> 0 | P88: =V70 -> Spanien | Q88: =IFERROR(IF(MATCH(P88,$L$85:$L$100,0)>0,0,1),1) -> 0 | R88: =AA55 -> Argentina | S88: =IFERROR(IF(MATCH(R88,$P$85:$P$88,0)>0,0,1),1) -> 0
D89: Danmark | L89: =N58 -> England | N89: =R70 -> Tyskland | O89: =IFERROR(IF(MATCH(N89,$L$85:$L$100,0)>0,0,1),1) -> 0 | Q89: =IFERROR(IF(MATCH(P85,$N$85:$N$92,0)>0,0,1),1) -> 0 | S89: =IFERROR(IF(MATCH(R85,$N$85:$N$92,0)>0,0,1),1) -> 0
D90: Ecuador | L90: =O58 -> Senegal | N90: =S70 -> Brasilien | O90: =IFERROR(IF(MATCH(N90,$L$85:$L$100,0)>0,0,1),1) -> 0 | Q90: =IFERROR(IF(MATCH(P86,$N$85:$N$92,0)>0,0,1),1) -> 0 | S90: =IFERROR(IF(MATCH(R86,$N$85:$N$92,0)>0,0,1),1) -> 0
D91: England | L91: =N61 -> Frankrike | N91: =R73 -> Spanien | O91: =IFERROR(IF(MATCH(N91,$L$85:$L$100,0)>0,0,1),1) -> 0 | Q91: =IFERROR(IF(MATCH(P87,$N$85:$N$92,0)>0,0,1),1) -> 0 | S91: =IFERROR(IF(MATCH(R87,$N$85:$N$92,0)>0,0,1),1) -> 0
D92: Frankrike | L92: =O61 -> Mexiko | N92: =S73 -> Portugal | O92: =IFERROR(IF(MATCH(N92,$L$85:$L$100,0)>0,0,1),1) -> 0 | Q92: =IFERROR(IF(MATCH(P88,$N$85:$N$92,0)>0,0,1),1) -> 0 | S92: =IFERROR(IF(MATCH(R88,$N$85:$N$92,0)>0,0,1),1) -> 0
D93: Ghana | L93: =N70 -> Tyskland | S93: =IFERROR(IF(MATCH(R85,$L$85:$L$100,0)>0,0,1),1) -> 0
D94: Iran | L94: =O70 -> Kroatien | S94: =IFERROR(IF(MATCH(R86,$L$85:$L$100,0)>0,0,1),1) -> 0
D95: Japan | L95: =N73 -> Brasilien | S95: =IFERROR(IF(MATCH(R87,$L$85:$L$100,0)>0,0,1),1) -> 0
D96: Kamerun | L96: =O73 -> Uruguay | S96: =IFERROR(IF(MATCH(R88,$L$85:$L$100,0)>0,0,1),1) -> 0
D97: Kanada | L97: =N76 -> Belgien
D98: Kroatien | L98: =O76 -> Spanien
D99: Marocko | L99: =N79 -> Portugal
D100: Mexiko | L100: =O79 -> Kamerun
D101: Nederländerna
D102: Polen
D103: Portugal | L103: Rätt lag
D104: Qatar
D105: Saudiarabien | L105: Lag i åttondel | N105: Lag i kvartsfinal | P105: Lag i semifinal | R105: Placeringar
...

Sheet Bilder
B2: Argentina
B3: Australien
B4: Belgien
B5: Brasilien
B6: CostaRica
B7: Danmark
B8: Ecuador
B9: England
B10: Frankrike
B11: Ghana
B12: Iran
B13: Japan
... B33: Wales
